metal_bus_find,2.1,0,False,None
metal_bus_find,2.1,1,True,empty_test_log
metal_bus_find,2.2,0,False,None
metal_bus_find,2.2,1,True,compile_failed
metal_bus_find,8.13,0,False,None
metal_bus_find,8.13,1,True,empty_test_log
metal_bus_find,8.13,2,False,None
metal_bus_find,8.13,3,False,None
metal_bus_find,8.13,4,True,empty_test_log
metal_bus_find,8.13,5,True,empty_test_log
metal_bus_find,8.13,6,True,empty_test_log
metal_bus_find,8.13,7,False,None
metal_bus_find,14.2,0,False,None
metal_bus_find,21.17,0,True,empty_test_log
metal_bus_find,21.17,1,True,empty_test_log
metal_bus_find,21.17,2,False,None
metal_bus_find,21.17,3,True,empty_test_log
metal_bus_find,21.17,4,True,empty_test_log
metal_bus_find,21.17,5,False,None
metal_bus_register,2.1,0,False,None
metal_bus_register,2.1,1,True,empty_test_log
metal_bus_register,2.2,0,False,None
metal_bus_register,2.2,1,True,empty_test_log
metal_bus_register,8.13,0,True,empty_test_log
metal_bus_register,8.13,1,False,None
metal_bus_register,8.13,2,True,compile_failed
metal_bus_register,21.17,0,True,empty_test_log
metal_bus_register,21.17,1,False,None
metal_bus_register,21.17,2,True,empty_test_log
metal_device_open,2.2,0,False,None
metal_device_open,2.2,1,False,None
metal_device_open,2.2,2,False,None
metal_device_open,2.2,3,False,None
metal_device_open,8.13,0,False,None
metal_device_open,8.13,1,False,None
metal_device_open,8.13,2,True,empty_test_log
metal_device_open,8.13,3,False,None
metal_device_open,8.13,4,False,None
metal_device_open,14.2,0,False,None
metal_device_open,17.8,0,False,None
metal_device_open,17.8,1,False,None
metal_device_open,21.17,0,False,None
metal_device_open,21.17,1,True,empty_test_log
metal_device_open,21.17,2,False,None
metal_generic_dev_dma_map,2.1,0,False,None
metal_generic_dev_dma_map,2.1,1,False,None
metal_generic_dev_dma_map,2.1,2,False,None
metal_generic_dev_dma_map,2.1,3,False,None
metal_generic_dev_dma_map,2.1,4,False,None
metal_generic_dev_dma_map,2.1,5,False,None
metal_generic_dev_dma_map,2.2,0,True,empty_test_log
metal_generic_dev_dma_map,2.2,1,False,None
metal_generic_dev_dma_map,2.2,2,True,compile_failed
metal_generic_dev_dma_map,2.2,3,False,None
metal_generic_dev_dma_map,8.13,0,False,None
metal_generic_dev_dma_map,8.13,1,True,compile_failed
metal_generic_dev_dma_map,8.13,2,False,None
metal_generic_dev_dma_map,8.13,3,True,empty_test_log
metal_generic_dev_dma_map,8.13,4,True,empty_test_log
metal_generic_dev_dma_map,8.13,5,False,None
metal_generic_dev_dma_map,8.13,6,True,empty_test_log
metal_generic_dev_dma_map,8.13,7,False,None
metal_generic_dev_dma_map,14.2,0,False,None
metal_generic_dev_dma_map,14.2,1,False,None
metal_generic_dev_dma_map,14.2,2,False,None
metal_generic_dev_dma_map,14.2,3,False,None
metal_generic_dev_dma_map,14.2,4,False,None
metal_generic_dev_dma_map,21.17,0,True,compile_failed
metal_generic_dev_dma_map,21.17,1,False,None
metal_generic_dev_open,2.2,0,True,empty_test_log
metal_generic_dev_open,8.13,0,False,None
metal_generic_dev_open,8.13,1,True,empty_test_log
metal_generic_dev_open,8.13,2,True,empty_test_log
metal_generic_dev_open,8.13,3,True,empty_test_log
metal_generic_dev_open,8.13,4,True,empty_test_log
metal_generic_dev_open,8.13,5,False,None
metal_generic_dev_open,8.13,6,False,None
metal_generic_dev_open,14.2,0,False,None
metal_generic_dev_open,14.2,1,False,None
metal_generic_dev_open,14.2,2,False,None
metal_generic_dev_open,14.2,3,False,None
metal_generic_dev_open,14.2,4,False,None
metal_generic_dev_open,14.2,5,False,None
metal_generic_dev_open,21.17,0,True,empty_test_log
metal_io_block_set,2.1,0,False,None
metal_io_block_set,2.1,1,False,None
metal_io_block_set,2.1,2,False,None
metal_io_block_set,2.1,3,False,None
metal_io_block_set,2.1,4,False,None
metal_io_block_set,2.1,5,True,empty_test_log
metal_io_block_set,2.1,6,False,None
metal_io_block_set,2.2,0,False,None
metal_io_block_set,8.13,0,False,None
metal_io_block_set,8.13,1,False,None
metal_io_block_set,8.13,2,False,None
metal_io_block_set,8.13,3,False,None
metal_io_block_set,8.13,4,False,None
metal_io_block_set,8.13,5,False,None
metal_io_block_set,14.2,0,True,empty_test_log
metal_io_block_set,14.2,1,True,empty_test_log
metal_io_block_set,14.2,2,True,empty_test_log
metal_io_block_set,17.8,0,True,empty_test_log
metal_io_block_set,17.8,1,True,empty_test_log
metal_io_block_set,17.8,2,True,empty_test_log
metal_io_block_set,17.8,3,True,empty_test_log
metal_io_block_set,21.17,0,False,None
metal_io_block_set,21.17,1,False,None
metal_io_block_set,21.17,2,False,None
metal_io_block_set,21.17,3,False,None
metal_io_block_set,21.17,4,False,None
metal_io_block_set,21.17,5,False,None
metal_io_block_set,21.17,6,False,None
metal_linux_probe_driver,1.2,0,True,success
metal_linux_probe_driver,1.2,1,True,compile_failed
metal_linux_probe_driver,2.1,0,False,None
metal_linux_probe_driver,2.1,1,False,None
metal_linux_probe_driver,2.1,2,False,None
metal_linux_probe_driver,2.1,3,False,None
metal_linux_probe_driver,2.1,4,False,None
metal_linux_probe_driver,2.2,0,False,None
metal_linux_probe_driver,2.2,1,False,None
metal_linux_probe_driver,2.2,2,False,None
metal_linux_probe_driver,2.2,3,False,None
metal_linux_probe_driver,8.13,0,False,None
metal_linux_probe_driver,8.13,1,True,success
metal_map,2.1,0,False,None
metal_map,2.1,1,False,None
metal_map,2.1,2,False,None
metal_map,2.1,3,False,None
metal_map,2.1,4,False,None
metal_map,2.1,5,False,None
metal_map,2.1,6,False,None
metal_map,2.2,0,False,None
metal_map,2.2,1,False,None
metal_map,2.2,2,False,None
metal_map,2.2,3,True,empty_test_log
metal_map,2.2,4,False,None
metal_map,2.2,5,False,None
metal_map,2.2,6,False,None
metal_map,8.13,0,True,empty_test_log
metal_map,8.13,1,True,empty_test_log
metal_map,8.13,2,True,empty_test_log
metal_map,8.13,3,True,empty_test_log
metal_map,8.13,4,True,empty_test_log
metal_map,8.13,5,True,empty_test_log
metal_map,8.13,6,False,None
metal_map,17.8,0,True,empty_test_log
metal_map,17.8,1,True,empty_test_log
metal_map,17.8,2,True,empty_test_log
metal_map,17.8,3,True,empty_test_log
metal_open,2.2,0,False,None
metal_open,2.2,1,True,empty_test_log
metal_open,2.2,2,False,None
metal_open,21.17,0,True,empty_test_log
metal_open,21.17,1,True,empty_test_log
metal_open,21.17,2,True,empty_test_log
metal_open,21.17,3,True,empty_test_log
metal_open,21.17,4,True,empty_test_log
metal_open,21.17,5,False,None
metal_register_generic_device,2.2,0,False,None
metal_register_generic_device,2.2,1,False,None
metal_register_generic_device,2.2,2,False,None
metal_register_generic_device,2.2,3,False,None
metal_register_generic_device,2.2,4,False,None
metal_register_generic_device,2.2,5,False,None
metal_register_generic_device,8.13,0,True,empty_test_log
metal_register_generic_device,8.13,1,True,empty_test_log
metal_register_generic_device,8.13,2,True,empty_test_log
metal_register_generic_device,8.13,3,False,None
metal_register_generic_device,21.17,0,True,empty_test_log
metal_shmem_open_generic,2.2,0,False,None
metal_shmem_open_generic,2.2,1,False,None
metal_shmem_open_generic,2.2,2,False,None
metal_shmem_open_generic,2.2,3,False,None
metal_shmem_open_generic,2.2,4,False,None
metal_shmem_open_generic,2.2,5,False,None
metal_shmem_open_generic,2.2,6,False,None
metal_shmem_open_generic,2.2,7,False,None
metal_shmem_open_generic,2.2,8,False,None
metal_shmem_open_generic,2.2,9,False,None
metal_shmem_open_generic,8.13,0,True,empty_test_log
metal_shmem_open_generic,8.13,1,False,None
metal_shmem_open_generic,8.13,2,False,None
metal_shmem_open_generic,8.13,3,True,empty_test_log
metal_shmem_open_generic,8.13,4,True,empty_test_log
metal_shmem_open_generic,8.13,5,True,empty_test_log
metal_shmem_open_generic,14.2,0,False,None
metal_shmem_open_generic,14.2,1,False,None
metal_shmem_open_generic,14.2,2,False,None
metal_shmem_open_generic,21.17,0,True,compile_failed
metal_shmem_register_generic,2.2,0,False,None
metal_shmem_register_generic,2.2,1,False,None
metal_shmem_register_generic,2.2,2,True,empty_test_log
metal_shmem_register_generic,2.2,3,False,None
metal_shmem_register_generic,21.17,0,True,empty_test_log
metal_shmem_try_map,1.2,0,True,empty_test_log
metal_shmem_try_map,1.2,1,True,empty_test_log
metal_shmem_try_map,2.2,0,False,None
metal_shmem_try_map,2.2,1,False,None
metal_shmem_try_map,2.2,2,False,None
metal_shmem_try_map,2.2,3,False,None
metal_shmem_try_map,2.2,4,False,None
metal_shmem_try_map,2.2,5,False,None
metal_shmem_try_map,2.2,6,False,None
metal_shmem_try_map,2.2,7,False,None
metal_shmem_try_map,2.2,8,False,None
metal_shmem_try_map,8.13,0,False,None
metal_shmem_try_map,8.13,1,True,empty_test_log
metal_shmem_try_map,8.13,2,False,None
metal_shmem_try_map,8.13,3,True,empty_test_log
metal_shmem_try_map,8.13,4,True,empty_test_log
metal_shmem_try_map,8.13,5,True,empty_test_log
metal_shmem_try_map,14.2,0,True,empty_test_log
metal_shmem_try_map,17.8,0,True,empty_test_log
metal_uio_dev_bind,2.1,0,False,None
metal_uio_dev_bind,2.1,1,False,None
metal_uio_dev_bind,2.1,2,False,None
metal_uio_dev_bind,2.1,3,False,None
metal_uio_dev_bind,2.1,4,False,None
metal_uio_dev_bind,2.1,5,False,None
metal_uio_dev_bind,2.2,0,False,None
metal_uio_dev_bind,2.2,1,False,None
metal_uio_dev_bind,2.2,2,True,empty_test_log
metal_uio_dev_bind,2.2,3,True,empty_test_log
metal_uio_dev_bind,2.2,4,False,None
metal_uio_dev_bind,2.2,5,False,None
metal_uio_dev_bind,2.2,6,False,None
metal_uio_dev_bind,8.13,0,True,empty_test_log
metal_uio_dev_bind,8.13,1,True,empty_test_log
metal_uio_dev_bind,8.13,2,True,empty_test_log
metal_uio_dev_bind,8.13,3,False,None
metal_uio_dev_bind,8.13,4,True,empty_test_log
metal_uio_dev_bind,8.13,5,False,None
metal_uio_dev_bind,8.13,6,True,empty_test_log
metal_uio_dev_bind,8.13,7,False,None
metal_uio_dev_bind,21.17,0,True,empty_test_log
metal_uio_dev_bind,21.17,1,True,empty_test_log
metal_uio_dev_bind,21.17,2,True,empty_test_log
metal_uio_dev_bind,21.17,3,True,empty_test_log
metal_uio_dev_bind,21.17,4,True,empty_test_log
metal_uio_dev_bind,21.17,5,True,empty_test_log
metal_uio_dev_dma_map,1.2,0,True,empty_test_log
metal_uio_dev_dma_map,1.2,1,True,empty_test_log
metal_uio_dev_dma_map,2.1,0,False,None
metal_uio_dev_dma_map,2.1,1,False,None
metal_uio_dev_dma_map,2.1,2,False,None
metal_uio_dev_dma_map,2.1,3,False,None
metal_uio_dev_dma_map,2.2,0,False,None
metal_uio_dev_dma_map,2.2,1,False,None
metal_uio_dev_dma_map,2.2,2,True,empty_test_log
metal_uio_dev_dma_map,2.2,3,True,empty_test_log
metal_uio_dev_dma_map,8.13,0,True,empty_test_log
metal_uio_dev_dma_map,8.13,1,True,empty_test_log
metal_uio_dev_dma_map,8.13,2,True,empty_test_log
metal_uio_dev_dma_map,8.13,3,True,empty_test_log
metal_uio_dev_dma_map,8.13,4,True,empty_test_log
metal_uio_dev_dma_map,8.13,5,True,empty_test_log
metal_uio_dev_dma_map,8.13,6,True,empty_test_log
metal_uio_dev_dma_map,8.13,7,True,empty_test_log
metal_uio_dev_dma_map,14.2,0,True,empty_test_log
metal_uio_dev_dma_map,14.2,1,False,None
metal_uio_dev_dma_map,21.17,0,True,empty_test_log
metal_uio_dev_open,1.2,0,False,None
metal_uio_dev_open,2.1,0,False,None
metal_uio_dev_open,2.1,1,False,None
metal_uio_dev_open,2.1,2,False,None
metal_uio_dev_open,2.1,3,False,None
metal_uio_dev_open,2.1,4,False,None
metal_uio_dev_open,2.1,5,False,None
metal_uio_dev_open,2.1,6,False,None
metal_uio_dev_open,2.2,0,False,None
metal_uio_dev_open,2.2,1,False,None
metal_uio_dev_open,2.2,2,True,empty_test_log
metal_uio_dev_open,2.2,3,True,empty_test_log
metal_uio_dev_open,2.2,4,False,None
metal_uio_dev_open,2.2,5,False,None
metal_uio_dev_open,2.2,6,False,None
metal_uio_dev_open,2.2,7,False,None
metal_uio_dev_open,8.13,0,True,empty_test_log
metal_uio_dev_open,8.13,1,False,None
metal_uio_dev_open,8.13,2,True,empty_test_log
metal_uio_dev_open,8.13,3,True,empty_test_log
metal_uio_dev_open,8.13,4,True,empty_test_log
metal_uio_dev_open,14.2,0,False,None
metal_uio_dev_open,14.2,1,True,empty_test_log
metal_uio_dev_open,14.2,2,True,empty_test_log
metal_uio_dev_open,14.2,3,True,empty_test_log
metal_uio_dev_open,14.2,4,False,None
metal_uio_dev_open,14.2,5,True,compile_failed
metal_uio_dev_open,17.8,0,True,empty_test_log
metal_uio_read_map_attr,2.1,0,False,None
metal_uio_read_map_attr,2.1,1,False,None
metal_uio_read_map_attr,2.1,2,False,None
metal_uio_read_map_attr,2.1,3,False,None
metal_uio_read_map_attr,2.2,0,False,None
metal_uio_read_map_attr,2.2,1,False,None
metal_uio_read_map_attr,8.13,0,True,empty_test_log
metal_uio_read_map_attr,8.13,1,False,None
metal_virt2phys,1.2,0,True,empty_test_log
metal_virt2phys,1.2,1,True,empty_test_log
metal_virt2phys,1.2,2,True,empty_test_log
metal_virt2phys,2.2,0,False,None
metal_virt2phys,2.2,1,False,None
metal_virt2phys,2.2,2,False,None
metal_virt2phys,2.2,3,False,None
metal_virt2phys,2.2,4,False,None
metal_virt2phys,8.13,0,True,empty_test_log
metal_virt2phys,21.17,0,False,None
