alloc#71,1.2,0,True,success
alloc#71,1.2,1,True,success
atomic#58,8.13,1,True,success
atomic#58,21.17,0,True,success
condition#63,2.2,0,True,success
condition#63,8.13,0,True,success
condition#63,21.17,4,True,success
consumer_thread#64,2.2,0,True,success
consumer_thread#64,2.2,1,True,success
irq#72,1.2,0,True,success
irq#72,2.1,0,True,success
irq#72,2.2,0,True,compile_failed
irq#72,8.13,0,True,success
irq#72,8.13,1,True,success
irq#72,8.13,2,True,success
irq#72,8.13,4,True,success
irq#72,8.13,5,True,success
irq#72,17.2,9,True,success
metal_add_page_size#44,8.13,2,True,success
metal_add_page_size#44,8.13,4,True,success
metal_add_page_size#44,21.17,0,True,success
metal_bus_find#2,2.2,1,True,success
metal_bus_find#2,8.13,0,True,success
metal_bus_find#2,8.13,1,True,compile_failed
metal_bus_find#2,21.17,0,True,success
metal_bus_find#2,21.17,1,True,success
metal_bus_register#3,8.13,0,True,success
metal_bus_register#3,8.13,1,True,success
metal_bus_register#3,8.13,2,True,success
metal_bus_register#3,21.17,0,True,success
metal_bus_register#3,21.17,1,True,success
metal_condition_wait#26,17.2,6,True,success
metal_default_log_handler#19,2.2,0,True,empty_test_log
metal_default_log_handler#19,2.2,2,True,success
metal_default_log_handler#19,17.8,0,True,success
metal_finish_threads#66,1.2,0,True,success
metal_finish_threads#66,1.2,1,True,success
metal_finish_threads#66,8.13,0,True,success
metal_finish_threads#66,8.13,1,True,success
metal_finish_threads#66,8.13,2,True,success
metal_finish_threads#66,8.13,3,True,success
metal_finish_threads#66,21.17,0,True,success
metal_init#9,8.13,1,True,success
metal_init_page_sizes#45,2.2,4,True,success
metal_init_page_sizes#45,2.2,6,True,success
metal_init_page_sizes#45,8.13,0,True,success
metal_init_page_sizes#45,8.13,2,True,compile_failed
metal_init_page_sizes#45,8.13,3,True,success
metal_init_page_sizes#45,17.2,1,True,success
metal_init_page_sizes#45,17.2,3,True,success
metal_init_page_sizes#45,21.17,0,True,success
metal_io_init#13,8.13,0,True,compile_failed
metal_io_init#13,8.13,1,True,success
metal_io_init#13,8.13,2,True,success
metal_io_init#13,8.13,3,True,success
metal_irq_allocate#15,8.13,0,True,success
metal_irq_allocate#15,8.13,1,True,success
metal_irq_allocate#15,8.13,3,True,success
metal_irq_allocate#15,8.13,4,True,success
metal_irq_allocate#15,8.13,5,True,success
metal_irq_register#17,8.13,7,True,success
metal_irq_register_controller#18,8.13,2,True,success
metal_irq_register_controller#18,8.13,3,True,success
metal_irq_register_controller#18,8.13,4,True,success
metal_irq_register_controller#18,8.13,5,True,success
metal_linux_bus_close#27,8.13,3,True,success
metal_linux_bus_finish#28,2.1,1,True,success
metal_linux_bus_finish#28,8.13,0,True,success
metal_linux_bus_finish#28,8.13,2,True,success
metal_linux_bus_init#29,2.2,0,True,compile_failed
metal_linux_bus_init#29,2.2,2,True,success
metal_linux_bus_init#29,8.13,0,True,success
metal_linux_bus_init#29,8.13,1,True,compile_failed
metal_linux_bus_init#29,8.13,2,True,success
metal_linux_bus_init#29,8.13,3,True,success
metal_linux_bus_init#29,8.13,4,True,success
metal_linux_irq_handling#47,1.2,0,True,success
metal_linux_irq_handling#47,2.2,1,True,success
metal_linux_irq_handling#47,8.13,6,True,success
metal_linux_irq_init#48,1.2,0,True,success
metal_linux_irq_init#48,2.2,2,True,success
metal_linux_irq_init#48,2.2,7,True,success
metal_linux_irq_init#48,8.13,0,True,success
metal_linux_irq_init#48,8.13,1,True,success
metal_linux_irq_init#48,8.13,6,True,success
metal_linux_irq_init#48,8.13,8,True,success
metal_linux_irq_notify#49,1.2,0,True,success
metal_linux_irq_notify#49,1.2,1,True,success
metal_linux_irq_shutdown#51,1.2,0,True,success
metal_linux_irq_shutdown#51,1.2,1,True,success
metal_linux_irq_shutdown#51,1.2,2,True,success
metal_linux_irq_shutdown#51,1.2,3,True,success
metal_linux_probe_bus#35,2.2,2,True,success
metal_linux_probe_bus#35,8.13,0,True,success
metal_linux_probe_bus#35,8.13,2,True,success
metal_linux_probe_bus#35,21.17,0,True,success
metal_linux_probe_bus#35,21.17,1,True,success
metal_linux_probe_driver#36,1.2,0,True,success
metal_linux_probe_driver#36,8.13,0,True,success
metal_linux_probe_driver#36,8.13,2,True,success
metal_linux_probe_driver#36,8.13,4,True,success
metal_linux_probe_driver#36,17.2,5,True,success
metal_map#56,2.2,1,True,success
metal_map#56,8.13,2,True,success
metal_map#56,8.13,3,True,success
metal_map#56,8.13,4,True,success
metal_map#56,8.13,6,True,success
metal_map#56,17.8,0,True,success
metal_map#56,17.8,1,True,success
metal_map#56,17.8,2,True,success
metal_open#57,2.2,1,True,success
metal_open#57,2.2,2,True,success
metal_open#57,21.17,0,True,success
metal_open#57,21.17,1,True,success
metal_run#67,8.13,1,True,compile_failed
metal_run#67,8.13,2,True,success
metal_run_noblock#68,1.2,0,True,success
metal_run_noblock#68,21.17,1,True,success
metal_shmem_open#52,1.2,0,True,success
metal_shmem_open#52,8.13,0,True,success
metal_shmem_open#52,8.13,2,True,success
metal_shmem_open#52,8.13,8,True,success
metal_shmem_open#52,8.13,10,True,success
metal_shmem_open#52,14.2,0,True,success
metal_shmem_open#52,17.8,0,True,success
metal_shmem_open#52,21.17,1,True,success
metal_shmem_open_generic#20,21.17,1,True,success
metal_shmem_open_generic#20,21.17,2,True,success
metal_shmem_try_map#53,1.2,0,True,success
metal_shmem_try_map#53,1.2,1,True,success
metal_shmem_try_map#53,1.2,2,True,success
metal_shmem_try_map#53,8.13,0,True,success
metal_shmem_try_map#53,8.13,1,True,success
metal_shmem_try_map#53,14.2,0,True,success
metal_shmem_try_map#53,17.8,0,True,success
metal_sys_init#46,1.2,0,True,success
metal_sys_init#46,1.2,1,True,success
metal_sys_init#46,1.2,2,True,success
metal_sys_init#46,1.2,3,True,success
metal_sys_init#46,2.2,3,True,success
metal_sys_init#46,2.2,5,True,success
metal_sys_init#46,8.13,5,True,success
metal_sys_init#46,14.2,0,True,success
metal_sys_init#46,17.8,0,True,success
metal_sys_init#46,17.8,1,True,success
metal_sys_init#46,17.8,2,True,success
metal_sys_init#46,21.17,0,True,success
metal_tests_run#74,8.13,0,True,success
metal_tests_run#74,8.13,1,True,compile_failed
metal_tests_run#74,8.13,2,True,success
metal_tests_run#74,8.13,3,True,success
metal_tests_run#74,14.2,0,True,compile_failed
metal_tests_run#74,17.8,0,True,success
metal_tests_run#74,21.17,0,True,success
metal_tests_run#74,21.17,1,True,success
metal_tests_run#74,21.17,3,True,success
metal_virt2phys#54,1.2,0,True,success
metal_virt2phys#54,8.13,0,True,success
metal_virt2phys#54,8.13,1,True,success
producer_thread#65,2.2,0,True,success
shmem_child#62,1.2,1,True,success
shmem_child#62,2.2,5,True,success
shmem_child#62,8.13,1,True,success
shmem_child#62,8.13,2,True,success
shmem_child#62,14.2,1,True,success
shmem_child#62,17.8,0,True,success
shmem_child#62,21.17,0,True,success
spinlock#69,21.17,0,True,success
spinlock_thread#70,2.2,4,True,success
