metal_bus_find,1.2,False,None,None
metal_bus_find,2.1,False,None,None
metal_bus_find,2.2,True,empty_test_log,None
metal_bus_find,8.13,False,None,None
metal_bus_find,14.2,False,None,None
metal_bus_find,17.8,False,None,None
metal_bus_find,21.14,False,None,None
metal_bus_find,21.17,True,empty_test_log,None
metal_bus_register,1.2,False,None,None
metal_bus_register,2.1,True,empty_test_log,None
metal_bus_register,2.2,False,None,None
metal_bus_register,8.13,False,None,None
metal_bus_register,14.2,False,None,None
metal_bus_register,17.8,False,None,None
metal_bus_register,21.14,False,None,None
metal_bus_register,21.17,True,compile_failed,empty_test_log
metal_device_open,1.2,False,None,None
metal_device_open,2.1,False,None,None
metal_device_open,2.2,False,None,None
metal_device_open,8.13,False,None,None
metal_device_open,14.2,False,None,None
metal_device_open,17.8,False,None,None
metal_device_open,21.14,False,None,None
metal_device_open,21.17,True,compile_failed,compile_failed
metal_generic_dev_dma_map,1.2,False,None,None
metal_generic_dev_dma_map,2.1,False,None,None
metal_generic_dev_dma_map,2.2,True,compile_failed,empty_test_log
metal_generic_dev_dma_map,8.13,True,compile_failed,empty_test_log
metal_generic_dev_dma_map,14.2,False,None,None
metal_generic_dev_dma_map,17.8,False,None,None
metal_generic_dev_dma_map,21.14,False,None,None
metal_generic_dev_dma_map,21.17,True,compile_failed,empty_test_log
metal_generic_dev_open,1.2,False,None,None
metal_generic_dev_open,2.1,False,None,None
metal_generic_dev_open,2.2,True,compile_failed,compile_failed
metal_generic_dev_open,8.13,False,None,None
metal_generic_dev_open,14.2,False,None,None
metal_generic_dev_open,17.8,False,None,None
metal_generic_dev_open,21.14,False,None,None
metal_generic_dev_open,21.17,True,compile_failed,compile_failed
metal_io_block_set,1.2,False,None,None
metal_io_block_set,2.1,False,None,None
metal_io_block_set,2.2,True,compile_failed,empty_test_log
metal_io_block_set,8.13,False,None,None
metal_io_block_set,14.2,True,compile_failed,empty_test_log
metal_io_block_set,17.8,True,compile_failed,empty_test_log
metal_io_block_set,21.14,False,None,None
metal_io_block_set,21.17,False,None,None
metal_linux_probe_driver,1.2,False,None,None
metal_linux_probe_driver,2.1,False,None,None
metal_linux_probe_driver,2.2,False,None,None
metal_linux_probe_driver,8.13,True,compile_failed,success
metal_linux_probe_driver,14.2,False,None,None
metal_linux_probe_driver,17.8,False,None,None
metal_linux_probe_driver,21.14,False,None,None
metal_linux_probe_driver,21.17,False,None,None
metal_map,1.2,False,None,None
metal_map,2.1,False,None,None
metal_map,2.2,False,None,None
metal_map,8.13,False,None,None
metal_map,14.2,False,None,None
metal_map,17.8,True,empty_test_log,None
metal_map,21.14,False,None,None
metal_map,21.17,False,None,None
metal_open,1.2,False,None,None
metal_open,2.1,False,None,None
metal_open,2.2,False,None,None
metal_open,8.13,False,None,None
metal_open,14.2,False,None,None
metal_open,17.8,False,None,None
metal_open,21.14,False,None,None
metal_open,21.17,True,empty_test_log,None
metal_register_generic_device,1.2,False,None,None
metal_register_generic_device,2.1,False,None,None
metal_register_generic_device,2.2,False,None,None
metal_register_generic_device,8.13,False,None,None
metal_register_generic_device,14.2,False,None,None
metal_register_generic_device,17.8,False,None,None
metal_register_generic_device,21.14,False,None,None
metal_register_generic_device,21.17,True,compile_failed,empty_test_log
metal_shmem_open_generic,1.2,False,None,None
metal_shmem_open_generic,2.1,False,None,None
metal_shmem_open_generic,2.2,False,None,None
metal_shmem_open_generic,8.13,False,None,None
metal_shmem_open_generic,14.2,False,None,None
metal_shmem_open_generic,17.8,False,None,None
metal_shmem_open_generic,21.14,False,None,None
metal_shmem_open_generic,21.17,True,compile_failed,empty_test_log
metal_shmem_register_generic,1.2,False,None,None
metal_shmem_register_generic,2.1,False,None,None
metal_shmem_register_generic,2.2,False,None,None
metal_shmem_register_generic,8.13,False,None,None
metal_shmem_register_generic,14.2,False,None,None
metal_shmem_register_generic,17.8,False,None,None
metal_shmem_register_generic,21.14,False,None,None
metal_shmem_register_generic,21.17,True,compile_failed,empty_test_log
metal_shmem_try_map,1.2,True,empty_test_log,None
metal_shmem_try_map,2.1,False,None,None
metal_shmem_try_map,2.2,False,None,None
metal_shmem_try_map,8.13,False,None,None
metal_shmem_try_map,14.2,True,empty_test_log,None
metal_shmem_try_map,17.8,True,compile_failed,empty_test_log
metal_shmem_try_map,21.14,False,None,None
metal_shmem_try_map,21.17,False,None,None
metal_uio_dev_bind,1.2,True,empty_test_log,None
metal_uio_dev_bind,2.1,False,None,None
metal_uio_dev_bind,2.2,False,None,None
metal_uio_dev_bind,8.13,True,empty_test_log,None
metal_uio_dev_bind,14.2,False,None,None
metal_uio_dev_bind,17.8,False,None,None
metal_uio_dev_bind,21.14,False,None,None
metal_uio_dev_bind,21.17,True,compile_failed,compile_failed
metal_uio_dev_dma_map,1.2,True,empty_test_log,None
metal_uio_dev_dma_map,2.1,False,None,None
metal_uio_dev_dma_map,2.2,True,compile_failed,compile_failed
metal_uio_dev_dma_map,8.13,True,compile_failed,empty_test_log
metal_uio_dev_dma_map,14.2,True,compile_failed,empty_test_log
metal_uio_dev_dma_map,17.8,False,None,None
metal_uio_dev_dma_map,21.14,False,None,None
metal_uio_dev_dma_map,21.17,True,compile_failed,empty_test_log
metal_uio_dev_open,1.2,False,None,None
metal_uio_dev_open,2.1,False,None,None
metal_uio_dev_open,2.2,False,None,None
metal_uio_dev_open,8.13,True,empty_test_log,None
metal_uio_dev_open,14.2,True,empty_test_log,None
metal_uio_dev_open,17.8,False,None,None
metal_uio_dev_open,21.14,False,None,None
metal_uio_dev_open,21.17,False,None,None
metal_uio_read_map_attr,1.2,False,None,None
metal_uio_read_map_attr,2.1,False,None,None
metal_uio_read_map_attr,2.2,False,None,None
metal_uio_read_map_attr,8.13,False,None,None
metal_uio_read_map_attr,14.2,False,None,None
metal_uio_read_map_attr,17.8,False,None,None
metal_uio_read_map_attr,21.14,False,None,None
metal_uio_read_map_attr,21.17,False,None,None
metal_virt2phys,1.2,True,compile_failed,compile_failed
metal_virt2phys,2.1,False,None,None
metal_virt2phys,2.2,False,None,None
metal_virt2phys,8.13,True,compile_failed,empty_test_log
metal_virt2phys,14.2,False,None,None
metal_virt2phys,17.8,False,None,None
metal_virt2phys,21.14,False,None,None
metal_virt2phys,21.17,False,None,None
