lfs_ctz_traverse,1.2,0,False,None
lfs_ctz_traverse,1.2,1,False,None
lfs_ctz_traverse,1.2,2,False,None
lfs_ctz_traverse,1.2,3,False,None
lfs_ctz_traverse,1.2,4,False,None
lfs_ctz_traverse,2.1,0,False,None
lfs_ctz_traverse,2.1,1,False,None
lfs_ctz_traverse,2.1,2,False,None
lfs_ctz_traverse,2.1,3,False,None
lfs_ctz_traverse,2.1,4,False,None
lfs_ctz_traverse,2.1,5,False,None
lfs_ctz_traverse,2.1,6,False,None
lfs_ctz_traverse,2.1,7,False,None
lfs_ctz_traverse,2.2,0,True,success
lfs_ctz_traverse,2.2,1,False,None
lfs_ctz_traverse,8.13,0,False,None
lfs_ctz_traverse,8.13,1,True,success
lfs_ctz_traverse,8.13,2,False,None
lfs_ctz_traverse,8.13,3,False,None
lfs_ctz_traverse,8.13,4,True,success
lfs_ctz_traverse,8.13,5,True,success
lfs_ctz_traverse,8.13,6,False,None
lfs_ctz_traverse,8.13,7,True,success
lfs_ctz_traverse,14.2,0,False,None
lfs_ctz_traverse,14.2,1,False,None
lfs_ctz_traverse,14.2,2,False,None
lfs_ctz_traverse,14.2,3,False,None
lfs_ctz_traverse,14.2,4,True,success
lfs_ctz_traverse,17.8,0,True,success
lfs_ctz_traverse,21.17,0,False,None
lfs_ctz_traverse,21.17,1,False,None
lfs_ctz_traverse,21.17,2,False,None
lfs_dir_close,1.2,0,False,None
lfs_dir_close,1.2,1,False,None
lfs_dir_close,1.2,2,False,None
lfs_dir_close,2.1,0,True,empty_test_log
lfs_dir_close,2.2,0,True,empty_test_log
lfs_dir_close,2.2,1,True,empty_test_log
lfs_dir_close,2.2,2,True,empty_test_log
lfs_dir_close,2.2,3,False,None
lfs_dir_close,8.13,0,False,None
lfs_dir_close,8.13,1,False,None
lfs_dir_close,8.13,2,False,None
lfs_dir_close,8.13,3,False,None
lfs_dir_close,8.13,4,False,None
lfs_dir_close,14.2,0,True,compile_failed
lfs_dir_close,14.2,1,True,compile_failed
lfs_dir_open,2.2,0,False,None
lfs_dir_open,2.2,1,True,empty_test_log
lfs_dir_open,2.2,2,False,None
lfs_dir_open,2.2,3,True,empty_test_log
lfs_dir_open,2.2,4,True,empty_test_log
lfs_dir_open,2.2,5,False,None
lfs_dir_open,2.2,6,True,empty_test_log
lfs_dir_open,2.2,7,False,None
lfs_dir_open,2.2,8,False,None
lfs_dir_open,2.2,9,False,None
lfs_dir_open,2.2,10,True,empty_test_log
lfs_dir_open,8.13,0,False,None
lfs_dir_open,8.13,1,True,empty_test_log
lfs_dir_open,8.13,2,False,None
lfs_dir_open,8.13,3,False,None
lfs_dir_open,8.13,4,False,None
lfs_dir_open,8.13,5,False,None
lfs_dir_open,14.2,0,False,None
lfs_dir_open,17.8,0,False,None
lfs_dir_open,17.8,1,True,empty_test_log
lfs_dir_open,21.14,0,True,empty_test_log
lfs_dir_open,21.14,1,True,empty_test_log
lfs_dir_open,21.14,2,True,empty_test_log
lfs_dir_open,21.14,3,False,None
lfs_dir_open,21.17,0,False,None
lfs_dir_open,21.17,1,True,empty_test_log
lfs_dir_open,21.17,2,False,None
lfs_dir_open,21.17,3,False,None
lfs_dir_open,21.17,4,False,None
lfs_dir_open,21.17,5,False,None
lfs_dir_open,21.17,6,False,None
lfs_dir_open,21.17,7,False,None
lfs_dir_read,1.2,0,False,None
lfs_dir_read,1.2,1,False,None
lfs_dir_read,2.1,0,True,compile_failed
lfs_dir_read,2.2,0,True,empty_test_log
lfs_dir_read,2.2,1,True,empty_test_log
lfs_dir_read,8.13,0,False,None
lfs_dir_read,8.13,1,False,None
lfs_dir_read,8.13,2,False,None
lfs_dir_read,21.17,0,True,empty_test_log
lfs_dir_read,21.17,1,True,empty_test_log
lfs_dir_read,21.17,2,True,compile_failed
lfs_dir_read,21.17,3,True,empty_test_log
lfs_dir_relocatingcommit,2.1,0,False,None
lfs_dir_relocatingcommit,2.1,1,False,None
lfs_dir_relocatingcommit,2.1,2,False,None
lfs_dir_relocatingcommit,2.2,0,False,None
lfs_dir_relocatingcommit,2.2,1,True,empty_test_log
lfs_dir_relocatingcommit,2.2,2,False,None
lfs_dir_relocatingcommit,2.2,3,False,None
lfs_dir_relocatingcommit,2.2,4,False,None
lfs_dir_relocatingcommit,2.2,5,False,None
lfs_dir_relocatingcommit,2.2,6,False,None
lfs_dir_relocatingcommit,8.13,0,False,None
lfs_dir_relocatingcommit,8.13,1,False,None
lfs_dir_relocatingcommit,8.13,2,True,compile_failed
lfs_dir_relocatingcommit,8.13,3,True,success
lfs_dir_relocatingcommit,8.13,4,False,None
lfs_dir_relocatingcommit,14.2,0,False,None
lfs_dir_relocatingcommit,14.2,1,False,None
lfs_dir_relocatingcommit,14.2,2,False,None
lfs_dir_relocatingcommit,21.17,0,False,None
lfs_dir_relocatingcommit,21.17,1,False,None
lfs_dir_relocatingcommit,21.17,2,False,None
lfs_dir_rewind,2.2,0,True,empty_test_log
lfs_dir_rewind,2.2,1,False,None
lfs_dir_rewind,2.2,2,True,empty_test_log
lfs_dir_rewind,2.2,3,True,empty_test_log
lfs_dir_rewind,2.2,4,True,empty_test_log
lfs_dir_rewind,2.2,5,False,None
lfs_dir_rewind,2.2,6,True,empty_test_log
lfs_dir_rewind,2.2,7,False,None
lfs_dir_rewind,8.13,0,False,None
lfs_dir_rewind,8.13,1,False,None
lfs_dir_rewind,8.13,2,False,None
lfs_dir_rewind,8.13,3,False,None
lfs_dir_rewind,8.13,4,False,None
lfs_dir_rewind,21.17,0,False,None
lfs_dir_rewind,21.17,1,False,None
lfs_dir_rewind,21.17,2,False,None
lfs_dir_rewind,21.17,3,False,None
lfs_dir_seek,2.1,0,True,empty_test_log
lfs_dir_seek,2.2,0,False,None
lfs_dir_seek,2.2,1,True,compile_failed
lfs_dir_seek,2.2,2,False,None
lfs_dir_seek,2.2,3,False,None
lfs_dir_seek,2.2,4,True,empty_test_log
lfs_dir_seek,2.2,5,True,empty_test_log
lfs_dir_seek,2.2,6,True,empty_test_log
lfs_dir_seek,2.2,7,True,empty_test_log
lfs_dir_seek,8.13,0,False,None
lfs_dir_seek,8.13,1,False,None
lfs_dir_seek,8.13,2,False,None
lfs_dir_seek,8.13,3,False,None
lfs_dir_seek,8.13,4,False,None
lfs_dir_seek,8.13,5,False,None
lfs_dir_seek,8.13,6,False,None
lfs_dir_seek,8.13,7,False,None
lfs_dir_seek,17.8,0,False,None
lfs_dir_seek,17.8,1,False,None
lfs_dir_seek,17.8,2,False,None
lfs_dir_seek,17.8,3,True,empty_test_log
lfs_dir_seek,17.8,4,True,empty_test_log
lfs_dir_seek,17.8,5,True,empty_test_log
lfs_dir_seek,17.8,6,False,None
lfs_dir_seek,17.8,7,False,None
lfs_dir_seek,17.8,8,True,empty_test_log
lfs_dir_seek,17.8,9,True,empty_test_log
lfs_dir_seek,17.8,10,False,None
lfs_dir_seek,17.8,11,True,compile_failed
lfs_dir_seek,17.8,12,True,empty_test_log
lfs_dir_seek,17.8,13,True,empty_test_log
lfs_dir_seek,17.8,14,True,empty_test_log
lfs_dir_seek,17.8,15,False,None
lfs_dir_seek,17.8,16,False,None
lfs_dir_seek,17.8,17,False,None
lfs_dir_seek,17.8,18,False,None
lfs_dir_tell,2.1,0,True,empty_test_log
lfs_dir_tell,2.2,0,False,None
lfs_dir_tell,2.2,1,True,empty_test_log
lfs_dir_tell,2.2,2,False,None
lfs_dir_tell,2.2,3,True,empty_test_log
lfs_dir_tell,2.2,4,True,empty_test_log
lfs_dir_tell,2.2,5,True,compile_failed
lfs_dir_tell,2.2,6,True,empty_test_log
lfs_dir_tell,2.2,7,False,None
lfs_dir_tell,2.2,8,True,empty_test_log
lfs_dir_tell,8.13,0,True,empty_test_log
lfs_dir_tell,8.13,1,True,empty_test_log
lfs_dir_tell,8.13,2,True,empty_test_log
lfs_dir_tell,8.13,3,True,empty_test_log
lfs_dir_tell,8.13,4,False,None
lfs_dir_tell,14.2,0,False,None
lfs_dir_tell,14.2,1,False,None
lfs_dir_tell,14.2,2,False,None
lfs_dir_tell,14.2,3,False,None
lfs_dir_tell,14.2,4,False,None
lfs_dir_traverse,1.2,0,False,None
lfs_dir_traverse,1.2,1,False,None
lfs_dir_traverse,1.2,2,False,None
lfs_dir_traverse,1.2,3,False,None
lfs_dir_traverse,1.2,4,False,None
lfs_dir_traverse,1.2,5,False,None
lfs_dir_traverse,2.1,0,False,None
lfs_dir_traverse,2.1,1,False,None
lfs_dir_traverse,2.1,2,False,None
lfs_dir_traverse,2.1,3,False,None
lfs_dir_traverse,2.1,4,False,None
lfs_dir_traverse,2.1,5,False,None
lfs_dir_traverse,2.1,6,False,None
lfs_dir_traverse,2.2,0,True,empty_test_log
lfs_dir_traverse,2.2,1,False,None
lfs_dir_traverse,2.2,2,False,None
lfs_dir_traverse,2.2,3,False,None
lfs_dir_traverse,2.2,4,False,None
lfs_dir_traverse,2.2,5,False,None
lfs_dir_traverse,2.2,6,False,None
lfs_dir_traverse,2.2,7,False,None
lfs_dir_traverse,8.13,0,True,success
lfs_dir_traverse,8.13,1,False,None
lfs_dir_traverse,14.2,0,False,None
lfs_dir_traverse,14.2,1,False,None
lfs_dir_traverse,14.2,2,False,None
lfs_dir_traverse,17.8,0,True,success
lfs_dir_traverse,17.8,1,True,success
lfs_dir_traverse,17.8,2,True,success
lfs_dir_traverse,17.8,3,True,success
lfs_dir_traverse,17.8,4,True,success
lfs_dir_traverse,17.8,5,True,success
lfs_dir_traverse,17.8,6,True,success
lfs_dir_traverse,17.8,7,True,success
lfs_dir_traverse,17.8,8,True,success
lfs_dir_traverse,17.8,9,True,success
lfs_dir_traverse,17.8,10,True,success
lfs_dir_traverse,17.8,11,True,success
lfs_dir_traverse,17.8,12,True,success
lfs_dir_traverse,17.8,13,True,success
lfs_dir_traverse,17.8,14,True,success
lfs_dir_traverse,17.8,15,True,success
lfs_dir_traverse,17.8,16,True,success
lfs_dir_traverse,17.8,17,True,success
lfs_dir_traverse,17.8,18,True,success
lfs_dir_traverse,17.8,19,True,success
lfs_dir_traverse,17.8,20,True,success
lfs_dir_traverse,17.8,21,True,success
lfs_dir_traverse,17.8,22,True,compile_failed
lfs_dir_traverse,17.8,23,True,success
lfs_dir_traverse,17.8,24,True,success
lfs_dir_traverse,17.8,25,True,success
lfs_dir_traverse,17.8,26,True,success
lfs_dir_traverse,17.8,27,True,success
lfs_dir_traverse,17.8,28,True,success
lfs_dir_traverse,17.8,29,True,success
lfs_dir_traverse,17.8,30,True,success
lfs_dir_traverse,17.8,31,True,success
lfs_dir_traverse,17.8,32,True,success
lfs_dir_traverse,21.17,0,False,None
lfs_dir_traverse,21.17,1,False,None
lfs_file_close,2.1,0,True,success
lfs_file_close,2.1,1,True,success
lfs_file_close,2.2,0,False,None
lfs_file_close,2.2,1,False,None
lfs_file_close,2.2,2,True,empty_test_log
lfs_file_close,2.2,3,True,success
lfs_file_close,2.2,4,False,None
lfs_file_close,8.13,0,False,None
lfs_file_close,8.13,1,False,None
lfs_file_close,8.13,2,True,empty_test_log
lfs_file_close,8.13,3,False,None
lfs_file_close,8.13,4,False,None
lfs_file_close,8.13,5,False,None
lfs_file_close,14.2,0,True,success
lfs_file_close,14.2,1,False,None
lfs_file_close,21.17,0,False,None
lfs_file_close,21.17,1,False,None
lfs_file_close,21.17,2,False,None
lfs_file_close,21.17,3,False,None
lfs_file_close,21.17,4,False,None
lfs_file_close,21.17,5,False,None
lfs_file_close,21.17,6,False,None
lfs_file_open,1.2,0,False,None
lfs_file_open,1.2,1,False,None
lfs_file_open,1.2,2,False,None
lfs_file_open,1.2,3,False,None
lfs_file_open,1.2,4,False,None
lfs_file_open,1.2,5,False,None
lfs_file_open,1.2,6,False,None
lfs_file_open,2.1,0,True,success
lfs_file_open,2.1,1,False,None
lfs_file_open,2.2,0,False,None
lfs_file_open,2.2,1,True,success
lfs_file_open,2.2,2,False,None
lfs_file_open,2.2,3,True,compile_failed
lfs_file_open,2.2,4,True,success
lfs_file_open,8.13,0,False,None
lfs_file_open,8.13,1,True,success
lfs_file_open,8.13,2,True,success
lfs_file_open,14.2,0,False,None
lfs_file_open,14.2,1,False,None
lfs_file_open,21.17,0,False,None
lfs_file_open,21.17,1,False,None
lfs_file_open,21.17,2,False,None
lfs_file_open,21.17,3,True,success
lfs_file_open,21.17,4,False,None
lfs_file_open,21.17,5,True,empty_test_log
lfs_file_open,21.17,6,True,success
lfs_file_open,21.17,7,False,None
lfs_file_open,21.17,8,False,None
lfs_file_open,21.17,9,True,success
lfs_file_opencfg,2.1,0,False,None
lfs_file_opencfg,2.1,1,False,None
lfs_file_opencfg,2.1,2,False,None
lfs_file_opencfg,2.1,3,True,empty_test_log
lfs_file_opencfg,2.1,4,False,None
lfs_file_opencfg,2.2,0,False,None
lfs_file_opencfg,2.2,1,True,empty_test_log
lfs_file_opencfg,8.13,0,True,empty_test_log
lfs_file_opencfg,8.13,1,True,empty_test_log
lfs_file_opencfg,8.13,2,False,None
lfs_file_opencfg,8.13,3,True,empty_test_log
lfs_file_opencfg,8.13,4,False,None
lfs_file_opencfg,8.13,5,False,None
lfs_file_opencfg,14.2,0,False,None
lfs_file_opencfg,14.2,1,False,None
lfs_file_opencfg,17.8,0,True,empty_test_log
lfs_file_opencfg,17.8,1,False,None
lfs_file_opencfg,21.14,0,True,compile_failed
lfs_file_opencfg,21.14,1,True,empty_test_log
lfs_file_opencfg,21.14,2,False,None
lfs_file_opencfg,21.17,0,True,empty_test_log
lfs_file_opencfg,21.17,1,False,None
lfs_file_opencfg,21.17,2,False,None
lfs_file_opencfg,21.17,3,False,None
lfs_file_opencfg,21.17,4,True,empty_test_log
lfs_file_read,1.2,0,False,None
lfs_file_read,1.2,1,False,None
lfs_file_read,1.2,2,False,None
lfs_file_read,2.1,0,True,success
lfs_file_read,2.2,0,False,None
lfs_file_read,2.2,1,False,None
lfs_file_read,2.2,2,True,success
lfs_file_read,2.2,3,True,success
lfs_file_read,2.2,4,True,success
lfs_file_read,8.13,0,True,success
lfs_file_read,17.8,0,False,None
lfs_file_read,17.8,1,False,None
lfs_file_read,17.8,2,False,None
lfs_file_read,17.8,3,False,None
lfs_file_rewind,1.2,0,False,None
lfs_file_rewind,1.2,1,False,None
lfs_file_rewind,1.2,2,False,None
lfs_file_rewind,1.2,3,True,compile_failed
lfs_file_rewind,1.2,4,False,None
lfs_file_rewind,2.1,0,True,empty_test_log
lfs_file_rewind,2.1,1,True,empty_test_log
lfs_file_rewind,2.2,0,False,None
lfs_file_rewind,2.2,1,False,None
lfs_file_rewind,2.2,2,True,empty_test_log
lfs_file_rewind,2.2,3,True,empty_test_log
lfs_file_rewind,2.2,4,True,empty_test_log
lfs_file_rewind,2.2,5,False,None
lfs_file_rewind,2.2,6,True,empty_test_log
lfs_file_rewind,2.2,7,False,None
lfs_file_rewind,8.13,0,False,None
lfs_file_rewind,8.13,1,False,None
lfs_file_rewind,8.13,2,False,None
lfs_file_rewind,8.13,3,False,None
lfs_file_rewind,8.13,4,False,None
lfs_file_rewind,14.2,0,False,None
lfs_file_rewind,14.2,1,False,None
lfs_file_rewind,14.2,2,False,None
lfs_file_rewind,14.2,3,False,None
lfs_file_rewind,14.2,4,False,None
lfs_file_rewind,14.2,5,False,None
lfs_file_rewind,14.2,6,False,None
lfs_file_rewind,14.2,7,False,None
lfs_file_rewind,21.17,0,False,None
lfs_file_rewind,21.17,1,False,None
lfs_file_rewind,21.17,2,False,None
lfs_file_rewind,21.17,3,False,None
lfs_file_seek,1.2,0,False,None
lfs_file_seek,1.2,1,False,None
lfs_file_seek,1.2,2,False,None
lfs_file_seek,1.2,3,False,None
lfs_file_seek,1.2,4,False,None
lfs_file_seek,1.2,5,False,None
lfs_file_seek,2.1,0,True,compile_failed
lfs_file_seek,2.2,0,True,empty_test_log
lfs_file_seek,2.2,1,True,empty_test_log
lfs_file_seek,2.2,2,False,None
lfs_file_seek,2.2,3,True,empty_test_log
lfs_file_seek,2.2,4,False,None
lfs_file_seek,2.2,5,True,compile_failed
lfs_file_seek,2.2,6,True,compile_failed
lfs_file_seek,2.2,7,False,None
lfs_file_seek,2.2,8,False,None
lfs_file_seek,2.2,9,True,empty_test_log
lfs_file_seek,8.13,0,False,None
lfs_file_seek,8.13,1,False,None
lfs_file_seek,8.13,2,True,empty_test_log
lfs_file_seek,8.13,3,False,None
lfs_file_seek,8.13,4,False,None
lfs_file_seek,8.13,5,False,None
lfs_file_seek,14.2,0,False,None
lfs_file_size,2.1,0,True,compile_failed
lfs_file_size,2.1,1,True,empty_test_log
lfs_file_size,2.1,2,True,compile_failed
lfs_file_size,2.2,0,False,None
lfs_file_size,2.2,1,True,empty_test_log
lfs_file_size,2.2,2,False,None
lfs_file_size,2.2,3,False,None
lfs_file_size,2.2,4,False,None
lfs_file_size,2.2,5,True,empty_test_log
lfs_file_size,2.2,6,True,empty_test_log
lfs_file_size,2.2,7,False,None
lfs_file_size,2.2,8,True,empty_test_log
lfs_file_size,2.2,9,False,None
lfs_file_size,2.2,10,True,compile_failed
lfs_file_size,8.13,0,False,None
lfs_file_size,8.13,1,True,empty_test_log
lfs_file_size,8.13,2,False,None
lfs_file_size,8.13,3,True,empty_test_log
lfs_file_size,14.2,0,False,None
lfs_file_size,17.8,0,False,None
lfs_file_size,17.8,1,False,None
lfs_file_sync,2.1,0,True,empty_test_log
lfs_file_sync,2.1,1,True,empty_test_log
lfs_file_sync,2.2,0,True,empty_test_log
lfs_file_sync,2.2,1,True,compile_failed
lfs_file_sync,2.2,2,True,empty_test_log
lfs_file_sync,2.2,3,True,empty_test_log
lfs_file_sync,2.2,4,True,compile_failed
lfs_file_sync,2.2,5,True,empty_test_log
lfs_file_sync,2.2,6,True,empty_test_log
lfs_file_sync,2.2,7,False,None
lfs_file_sync,2.2,8,False,None
lfs_file_sync,2.2,9,True,empty_test_log
lfs_file_sync,8.13,0,True,empty_test_log
lfs_file_sync,8.13,1,True,empty_test_log
lfs_file_sync,8.13,2,True,compile_failed
lfs_file_sync,8.13,3,True,empty_test_log
lfs_file_tell,2.1,0,True,empty_test_log
lfs_file_tell,2.1,1,True,empty_test_log
lfs_file_tell,2.2,0,False,None
lfs_file_tell,2.2,1,False,None
lfs_file_tell,2.2,2,False,None
lfs_file_tell,2.2,3,False,None
lfs_file_tell,2.2,4,False,None
lfs_file_tell,2.2,5,False,None
lfs_file_tell,8.13,0,False,None
lfs_file_tell,8.13,1,True,empty_test_log
lfs_file_tell,8.13,2,False,None
lfs_file_tell,8.13,3,False,None
lfs_file_tell,8.13,4,False,None
lfs_file_tell,8.13,5,False,None
lfs_file_tell,14.2,0,False,None
lfs_file_truncate,2.1,0,True,empty_test_log
lfs_file_truncate,2.1,1,False,None
lfs_file_truncate,2.1,2,False,None
lfs_file_truncate,2.1,3,True,empty_test_log
lfs_file_truncate,2.1,4,False,None
lfs_file_truncate,2.2,0,True,compile_failed
lfs_file_truncate,2.2,1,True,empty_test_log
lfs_file_truncate,2.2,2,True,compile_failed
lfs_file_truncate,2.2,3,True,empty_test_log
lfs_file_truncate,2.2,4,True,empty_test_log
lfs_file_truncate,2.2,5,True,empty_test_log
lfs_file_truncate,2.2,6,True,empty_test_log
lfs_file_truncate,2.2,7,False,None
lfs_file_truncate,2.2,8,False,None
lfs_file_truncate,2.2,9,False,None
lfs_file_truncate,8.13,0,True,empty_test_log
lfs_file_truncate,8.13,1,True,empty_test_log
lfs_file_truncate,8.13,2,False,None
lfs_file_truncate,8.13,3,False,None
lfs_file_truncate,8.13,4,True,empty_test_log
lfs_file_truncate,14.2,0,False,None
lfs_file_truncate,21.17,0,False,None
lfs_file_write,1.2,0,False,None
lfs_file_write,1.2,1,False,None
lfs_file_write,1.2,2,False,None
lfs_file_write,1.2,3,False,None
lfs_file_write,1.2,4,False,None
lfs_file_write,1.2,5,False,None
lfs_file_write,1.2,6,False,None
lfs_file_write,1.2,7,False,None
lfs_file_write,2.1,0,True,empty_test_log
lfs_file_write,2.1,1,True,success
lfs_file_write,2.2,0,True,empty_test_log
lfs_file_write,2.2,1,False,None
lfs_file_write,2.2,2,True,success
lfs_file_write,2.2,3,True,success
lfs_file_write,2.2,4,False,None
lfs_file_write,2.2,5,False,None
lfs_file_write,2.2,6,True,success
lfs_file_write,8.13,0,False,None
lfs_file_write,8.13,1,False,None
lfs_file_write,8.13,2,True,success
lfs_file_write,8.13,3,False,None
lfs_file_write,8.13,4,False,None
lfs_file_write,14.2,0,False,None
lfs_file_write,21.17,0,False,None
lfs_file_write,21.17,1,False,None
lfs_file_write,21.17,2,False,None
lfs_file_write,21.17,3,False,None
lfs_file_write,21.17,4,False,None
lfs_file_write,21.17,5,False,None
lfs_file_write,21.17,6,False,None
lfs_file_write,21.17,7,False,None
lfs_file_write,21.17,8,False,None
lfs_file_write,21.17,9,True,compile_failed
lfs_file_write,21.17,10,False,None
lfs_file_write,21.17,11,False,None
lfs_file_write,21.17,12,False,None
lfs_file_write,21.17,13,False,None
lfs_format,2.1,0,True,success
lfs_format,2.1,1,False,None
lfs_format,2.1,2,False,None
lfs_format,2.1,3,False,None
lfs_format,2.2,0,True,empty_test_log
lfs_format,2.2,1,False,None
lfs_format,2.2,2,False,None
lfs_format,2.2,3,True,success
lfs_format,2.2,4,True,success
lfs_format,2.2,5,False,None
lfs_format,2.2,6,True,success
lfs_format,2.2,7,True,success
lfs_format,8.13,0,True,empty_test_log
lfs_format,8.13,1,False,None
lfs_format,8.13,2,True,success
lfs_format,8.13,3,False,None
lfs_format,8.13,4,False,None
lfs_format,8.13,5,False,None
lfs_format,8.13,6,False,None
lfs_format,8.13,7,False,None
lfs_format,8.13,8,True,success
lfs_format,8.13,9,True,success
lfs_format,21.17,0,False,None
lfs_format,21.17,1,True,empty_test_log
lfs_format,21.17,2,True,success
lfs_format,21.17,3,False,None
lfs_format,21.17,4,False,None
lfs_format,21.17,5,True,parse_failed
lfs_format,21.17,6,False,None
lfs_fs_gc,2.1,0,True,empty_test_log
lfs_fs_gc,2.2,0,False,None
lfs_fs_gc,2.2,1,True,compile_failed
lfs_fs_gc,2.2,2,True,success
lfs_fs_gc,2.2,3,True,success
lfs_fs_gc,2.2,4,False,None
lfs_fs_gc,2.2,5,False,None
lfs_fs_gc,2.2,6,False,None
lfs_fs_gc,2.2,7,False,None
lfs_fs_gc,21.17,0,False,None
lfs_fs_grow,2.1,0,True,empty_test_log
lfs_fs_grow,2.1,1,True,empty_test_log
lfs_fs_grow,2.2,0,True,empty_test_log
lfs_fs_grow,2.2,1,False,None
lfs_fs_grow,2.2,2,True,empty_test_log
lfs_fs_grow,2.2,3,True,empty_test_log
lfs_fs_grow,2.2,4,True,empty_test_log
lfs_fs_grow,2.2,5,False,None
lfs_fs_grow,2.2,6,False,None
lfs_fs_grow,8.13,0,False,None
lfs_fs_grow,8.13,1,False,None
lfs_fs_grow,8.13,2,False,None
lfs_fs_grow,8.13,3,False,None
lfs_fs_grow,8.13,4,False,None
lfs_fs_grow,17.8,0,True,empty_test_log
lfs_fs_grow,17.8,1,True,empty_test_log
lfs_fs_grow,21.17,0,False,None
lfs_fs_grow,21.17,1,False,None
lfs_fs_grow,21.17,2,False,None
lfs_fs_grow,21.17,3,False,None
lfs_fs_grow,21.17,4,False,None
lfs_fs_grow,21.17,5,False,None
lfs_fs_grow,21.17,6,False,None
lfs_fs_mkconsistent,2.1,0,True,empty_test_log
lfs_fs_mkconsistent,2.1,1,True,empty_test_log
lfs_fs_mkconsistent,2.2,0,False,None
lfs_fs_mkconsistent,2.2,1,True,empty_test_log
lfs_fs_mkconsistent,2.2,2,False,None
lfs_fs_mkconsistent,2.2,3,True,empty_test_log
lfs_fs_mkconsistent,2.2,4,False,None
lfs_fs_mkconsistent,2.2,5,True,empty_test_log
lfs_fs_mkconsistent,2.2,6,True,empty_test_log
lfs_fs_mkconsistent,2.2,7,True,empty_test_log
lfs_fs_mkconsistent,8.13,0,False,None
lfs_fs_mkconsistent,8.13,1,False,None
lfs_fs_mkconsistent,8.13,2,False,None
lfs_fs_mkconsistent,8.13,3,False,None
lfs_fs_mkconsistent,8.13,4,True,empty_test_log
lfs_fs_mkconsistent,8.13,5,False,None
lfs_fs_mkconsistent,8.13,6,False,None
lfs_fs_mkconsistent,8.13,7,False,None
lfs_fs_mkconsistent,8.13,8,False,None
lfs_fs_mkconsistent,8.13,9,False,None
lfs_fs_mkconsistent,8.13,10,False,None
lfs_fs_mkconsistent,21.17,0,False,None
lfs_fs_mkconsistent,21.17,1,False,None
lfs_fs_mkconsistent,21.17,2,False,None
lfs_fs_mkconsistent,21.17,3,False,None
lfs_fs_mkconsistent,21.17,4,False,None
lfs_fs_mkconsistent,21.17,5,False,None
lfs_fs_mkconsistent,21.17,6,False,None
lfs_fs_mkconsistent,21.17,7,False,None
lfs_fs_mkconsistent,21.17,8,False,None
lfs_fs_mkconsistent,21.17,9,False,None
lfs_fs_mkconsistent,21.17,10,False,None
lfs_fs_size,2.1,0,True,empty_test_log
lfs_fs_size,2.2,0,True,empty_test_log
lfs_fs_size,2.2,1,False,None
lfs_fs_size,2.2,2,True,empty_test_log
lfs_fs_size,2.2,3,True,empty_test_log
lfs_fs_size,2.2,4,True,empty_test_log
lfs_fs_size,2.2,5,True,empty_test_log
lfs_fs_size,2.2,6,False,None
lfs_fs_size,8.13,0,False,None
lfs_fs_size,8.13,1,True,empty_test_log
lfs_fs_size,8.13,2,False,None
lfs_fs_size,8.13,3,False,None
lfs_fs_size,8.13,4,False,None
lfs_fs_size,14.2,0,False,None
lfs_fs_size,14.2,1,False,None
lfs_fs_size,14.2,2,False,None
lfs_fs_size,14.2,3,False,None
lfs_fs_stat,2.1,0,True,empty_test_log
lfs_fs_stat,2.2,0,False,None
lfs_fs_stat,2.2,1,True,empty_test_log
lfs_fs_stat,2.2,2,True,empty_test_log
lfs_fs_stat,2.2,3,True,empty_test_log
lfs_fs_stat,2.2,4,False,None
lfs_fs_stat,8.13,0,False,None
lfs_fs_stat,8.13,1,False,None
lfs_fs_stat,8.13,2,False,None
lfs_fs_stat,8.13,3,False,None
lfs_fs_stat,8.13,4,True,empty_test_log
lfs_fs_stat,21.17,0,False,None
lfs_fs_stat,21.17,1,False,None
lfs_fs_stat,21.17,2,False,None
lfs_fs_traverse,2.1,0,True,empty_test_log
lfs_fs_traverse,2.2,0,True,empty_test_log
lfs_fs_traverse,2.2,1,True,empty_test_log
lfs_fs_traverse,2.2,2,False,None
lfs_fs_traverse,2.2,3,False,None
lfs_fs_traverse,2.2,4,True,empty_test_log
lfs_fs_traverse,2.2,5,True,empty_test_log
lfs_fs_traverse,2.2,6,True,empty_test_log
lfs_fs_traverse,2.2,7,False,None
lfs_fs_traverse,2.2,8,True,empty_test_log
lfs_fs_traverse,8.13,0,False,None
lfs_fs_traverse,8.13,1,False,None
lfs_fs_traverse,8.13,2,False,None
lfs_fs_traverse,14.2,0,False,None
lfs_fs_traverse,14.2,1,False,None
lfs_fs_traverse,14.2,2,False,None
lfs_fs_traverse,14.2,3,False,None
lfs_fs_traverse,14.2,4,False,None
lfs_fs_traverse,21.17,0,False,None
lfs_fs_traverse,21.17,1,False,None
lfs_fs_traverse,21.17,2,False,None
lfs_fs_traverse,21.17,3,False,None
lfs_fs_traverse,21.17,4,False,None
lfs_fs_traverse,21.17,5,False,None
lfs_fs_traverse,21.17,6,False,None
lfs_getattr,2.1,0,True,empty_test_log
lfs_getattr,2.2,0,True,empty_test_log
lfs_getattr,2.2,1,True,empty_test_log
lfs_getattr,2.2,2,True,empty_test_log
lfs_getattr,2.2,3,True,empty_test_log
lfs_getattr,2.2,4,False,None
lfs_getattr,2.2,5,False,None
lfs_getattr,2.2,6,False,None
lfs_getattr,2.2,7,False,None
lfs_getattr,8.13,0,False,None
lfs_getattr,8.13,1,False,None
lfs_getattr,8.13,2,False,None
lfs_getattr,8.13,3,False,None
lfs_getattr,8.13,4,False,None
lfs_getattr,8.13,5,False,None
lfs_getattr,17.8,0,True,empty_test_log
lfs_getattr,21.14,0,False,None
lfs_getattr,21.14,1,False,None
lfs_getattr,21.14,2,False,None
lfs_getattr,21.14,3,True,empty_test_log
lfs_getattr,21.17,0,True,empty_test_log
lfs_getattr,21.17,1,True,compile_failed
lfs_getattr,21.17,2,False,None
lfs_getattr,21.17,3,False,None
lfs_getattr,21.17,4,False,None
lfs_getattr,21.17,5,False,None
lfs_getattr,21.17,6,False,None
lfs_getattr,21.17,7,False,None
lfs_mkdir,2.1,0,False,None
lfs_mkdir,2.1,1,False,None
lfs_mkdir,2.2,0,False,None
lfs_mkdir,2.2,1,False,None
lfs_mkdir,2.2,2,False,None
lfs_mkdir,2.2,3,False,None
lfs_mkdir,2.2,4,False,None
lfs_mkdir,2.2,5,False,None
lfs_mkdir,2.2,6,False,None
lfs_mkdir,2.2,7,False,None
lfs_mkdir,2.2,8,False,None
lfs_mkdir,2.2,9,False,None
lfs_mkdir,2.2,10,False,None
lfs_mkdir,2.2,11,False,None
lfs_mkdir,2.2,12,False,None
lfs_mkdir,2.2,13,False,None
lfs_mkdir,2.2,14,False,None
lfs_mkdir,2.2,15,False,None
lfs_mkdir,2.2,16,False,None
lfs_mkdir,2.2,17,False,None
lfs_mkdir,2.2,18,False,None
lfs_mkdir,2.2,19,False,None
lfs_mkdir,8.13,0,True,empty_test_log
lfs_mkdir,8.13,1,False,None
lfs_mkdir,8.13,2,False,None
lfs_mkdir,21.14,0,False,None
lfs_mkdir,21.14,1,False,None
lfs_mkdir,21.14,2,True,success
lfs_mkdir,21.17,0,False,None
lfs_mkdir,21.17,1,False,None
lfs_mkdir,21.17,2,False,None
lfs_mkdir,21.17,3,False,None
lfs_mkdir,21.17,4,False,None
lfs_mkdir,21.17,5,False,None
lfs_mount,2.1,0,True,empty_test_log
lfs_mount,2.1,1,True,success
lfs_mount,2.2,0,False,None
lfs_mount,2.2,1,True,success
lfs_mount,2.2,2,True,success
lfs_mount,8.13,0,True,success
lfs_mount,8.13,1,True,success
lfs_mount,8.13,2,False,None
lfs_mount,8.13,3,False,None
lfs_mount,8.13,4,False,None
lfs_mount,8.13,5,False,None
lfs_mount,8.13,6,False,None
lfs_mount,8.13,7,False,None
lfs_mount,8.13,8,True,success
lfs_mount,8.13,9,True,success
lfs_mount,8.13,10,False,None
lfs_mount,8.13,11,False,None
lfs_mount,21.14,0,False,None
lfs_mount,21.17,0,True,success
lfs_mount,21.17,1,False,None
lfs_mount,21.17,2,False,None
lfs_mount,21.17,3,False,None
lfs_mount,21.17,4,True,success
lfs_mount,21.17,5,False,None
lfs_mount,21.17,6,False,None
lfs_mount,21.17,7,False,None
lfs_mount,21.17,8,False,None
lfs_mount,21.17,9,False,None
lfs_mount,21.17,10,True,compile_failed
lfs_mount,21.17,11,False,None
lfs_remove,2.1,0,True,empty_test_log
lfs_remove,2.2,0,True,empty_test_log
lfs_remove,2.2,1,False,None
lfs_remove,2.2,2,False,None
lfs_remove,2.2,3,True,compile_failed
lfs_remove,2.2,4,True,empty_test_log
lfs_remove,2.2,5,True,empty_test_log
lfs_remove,8.13,0,False,None
lfs_remove,8.13,1,False,None
lfs_remove,8.13,2,False,None
lfs_remove,8.13,3,True,empty_test_log
lfs_remove,8.13,4,False,None
lfs_remove,8.13,5,True,empty_test_log
lfs_remove,8.13,6,False,None
lfs_remove,8.13,7,False,None
lfs_remove,8.13,8,False,None
lfs_remove,8.13,9,False,None
lfs_remove,8.13,10,False,None
lfs_remove,8.13,11,False,None
lfs_remove,8.13,12,False,None
lfs_remove,17.8,0,True,empty_test_log
lfs_remove,17.8,1,True,empty_test_log
lfs_remove,17.8,2,False,None
lfs_remove,21.14,0,False,None
lfs_remove,21.14,1,False,None
lfs_remove,21.14,2,False,None
lfs_remove,21.17,0,False,None
lfs_remove,21.17,1,True,empty_test_log
lfs_remove,21.17,2,False,None
lfs_remove,21.17,3,False,None
lfs_remove,21.17,4,False,None
lfs_remove,21.17,5,False,None
lfs_remove,21.17,6,False,None
lfs_remove,21.17,7,False,None
lfs_removeattr,2.1,0,True,empty_test_log
lfs_removeattr,2.1,1,True,empty_test_log
lfs_removeattr,2.2,0,True,empty_test_log
lfs_removeattr,2.2,1,False,None
lfs_removeattr,8.13,0,False,None
lfs_removeattr,8.13,1,False,None
lfs_removeattr,8.13,2,True,empty_test_log
lfs_removeattr,8.13,3,False,None
lfs_rename,2.1,0,True,empty_test_log
lfs_rename,2.2,0,False,None
lfs_rename,2.2,1,True,empty_test_log
lfs_rename,2.2,2,True,compile_failed
lfs_rename,2.2,3,True,empty_test_log
lfs_rename,2.2,4,False,None
lfs_rename,2.2,5,False,None
lfs_rename,2.2,6,False,None
lfs_rename,2.2,7,True,empty_test_log
lfs_rename,8.13,0,False,None
lfs_rename,8.13,1,False,None
lfs_rename,8.13,2,False,None
lfs_rename,8.13,3,False,None
lfs_rename,8.13,4,False,None
lfs_rename,8.13,5,False,None
lfs_rename,8.13,6,False,None
lfs_rename,8.13,7,False,None
lfs_rename,8.13,8,False,None
lfs_rename,21.14,0,False,None
lfs_rename,21.14,1,False,None
lfs_rename,21.14,2,False,None
lfs_rename,21.17,0,False,None
lfs_rename,21.17,1,False,None
lfs_rename,21.17,2,False,None
lfs_rename,21.17,3,False,None
lfs_rename,21.17,4,False,None
lfs_rename,21.17,5,False,None
lfs_rename,21.17,6,False,None
lfs_setattr,2.1,0,True,parse_failed
lfs_setattr,2.2,0,False,None
lfs_setattr,2.2,1,True,empty_test_log
lfs_setattr,2.2,2,True,empty_test_log
lfs_setattr,2.2,3,True,empty_test_log
lfs_setattr,2.2,4,False,None
lfs_setattr,2.2,5,False,None
lfs_setattr,2.2,6,False,None
lfs_setattr,2.2,7,False,None
lfs_setattr,2.2,8,True,empty_test_log
lfs_setattr,8.13,0,False,None
lfs_setattr,8.13,1,False,None
lfs_setattr,8.13,2,False,None
lfs_setattr,8.13,3,False,None
lfs_setattr,8.13,4,False,None
lfs_setattr,14.2,0,False,None
lfs_setattr,14.2,1,False,None
lfs_setattr,14.2,2,False,None
lfs_setattr,14.2,3,False,None
lfs_setattr,14.2,4,False,None
lfs_setattr,14.2,5,False,None
lfs_setattr,14.2,6,False,None
lfs_setattr,14.2,7,False,None
lfs_setattr,14.2,8,False,None
lfs_setattr,21.17,0,False,None
lfs_setattr,21.17,1,True,empty_test_log
lfs_setattr,21.17,2,False,None
lfs_setattr,21.17,3,False,None
lfs_setattr,21.17,4,False,None
lfs_setattr,21.17,5,True,empty_test_log
lfs_setattr,21.17,6,False,None
lfs_stat,2.1,0,True,empty_test_log
lfs_stat,2.2,0,False,None
lfs_stat,2.2,1,True,empty_test_log
lfs_stat,2.2,2,True,empty_test_log
lfs_stat,2.2,3,True,empty_test_log
lfs_stat,2.2,4,False,None
lfs_stat,2.2,5,False,None
lfs_stat,2.2,6,False,None
lfs_stat,2.2,7,True,empty_test_log
lfs_stat,8.13,0,False,None
lfs_stat,8.13,1,True,compile_failed
lfs_stat,8.13,2,False,None
lfs_stat,8.13,3,False,None
lfs_stat,8.13,4,False,None
lfs_stat,8.13,5,False,None
lfs_stat,8.13,6,False,None
lfs_stat,8.13,7,False,None
lfs_stat,8.13,8,False,None
lfs_stat,8.13,9,True,empty_test_log
lfs_stat,21.14,0,False,None
lfs_stat,21.14,1,False,None
lfs_stat,21.14,2,False,None
lfs_stat,21.14,3,False,None
lfs_stat,21.17,0,False,None
lfs_stat,21.17,1,True,empty_test_log
lfs_stat,21.17,2,True,empty_test_log
lfs_stat,21.17,3,False,None
lfs_stat,21.17,4,False,None
lfs_stat,21.17,5,False,None
lfs_stat,21.17,6,False,None
lfs_stat,21.17,7,False,None
lfs_stat,21.17,8,True,empty_test_log
lfs_stat,21.17,9,False,None
lfs_unmount,2.1,0,True,success
lfs_unmount,2.2,0,False,None
lfs_unmount,2.2,1,True,empty_test_log
lfs_unmount,2.2,2,False,None
lfs_unmount,8.13,0,False,None
lfs_unmount,8.13,1,False,None
lfs_unmount,8.13,2,False,None
lfs_unmount,8.13,3,True,success
lfs_unmount,8.13,4,False,None
lfs_unmount,8.13,5,False,None
lfs_unmount,8.13,6,False,None
lfs_unmount,8.13,7,False,None
lfs_unmount,8.13,8,False,None
lfs_unmount,8.13,9,False,None
lfs_unmount,8.13,10,False,None
lfs_unmount,8.13,11,False,None
