OS_API_Impl_Init,2.1,0,False,None
OS_API_Impl_Init,2.1,1,False,None
OS_API_Impl_Init,2.1,2,False,None
OS_API_Impl_Init,2.1,3,False,None
OS_API_Impl_Init,2.1,4,False,None
OS_API_Impl_Init,2.1,5,False,None
OS_API_Impl_Init,2.2,0,True,success
OS_API_Impl_Init,2.2,1,True,success
OS_API_Impl_Init,2.2,2,True,success
OS_API_Impl_Init,21.17,0,False,None
OS_API_Impl_Init,21.17,1,False,None
OS_API_Impl_Init,21.17,2,False,None
OS_API_Impl_Init,21.17,3,False,None
OS_API_Impl_Init,21.17,4,False,None
OS_API_Impl_Init,21.17,5,False,None
OS_API_Impl_Init,21.17,6,False,None
OS_API_Impl_Init,21.17,7,False,None
OS_API_Impl_Init,21.17,8,False,None
OS_API_Impl_Init,21.17,9,False,None
OS_API_Impl_Init,21.17,10,False,None
OS_API_Init,2.1,0,False,None
OS_API_Init,2.1,1,False,None
OS_API_Init,2.1,2,False,None
OS_API_Init,2.1,3,False,None
OS_API_Init,2.1,4,False,None
OS_API_Init,2.1,5,False,None
OS_API_Init,2.2,0,False,None
OS_API_Init,2.2,1,False,None
OS_API_Init,2.2,2,False,None
OS_API_Init,2.2,3,True,success
OS_API_Init,2.2,4,False,None
OS_API_Init,2.2,5,True,success
OS_API_Init,2.2,6,True,success
OS_API_Init,2.2,7,True,success
OS_API_Init,2.2,8,True,success
OS_API_Init,2.2,9,False,None
OS_API_Init,2.2,10,False,None
OS_API_Init,2.2,11,False,None
OS_API_Init,2.2,12,False,None
OS_API_Init,2.2,13,True,compile_failed
OS_API_Init,8.13,0,False,None
OS_API_Init,8.13,1,False,None
OS_API_Init,8.13,2,False,None
OS_API_Init,8.13,3,False,None
OS_API_Init,8.13,4,False,None
OS_API_Init,8.13,5,True,compile_failed
OS_API_Init,14.2,0,False,None
OS_API_Init,21.17,0,False,None
OS_BSP_ConsoleOutput_Impl,1.2,0,False,None
OS_BSP_ConsoleOutput_Impl,1.2,1,False,None
OS_BSP_ConsoleOutput_Impl,1.2,2,False,None
OS_BSP_ConsoleOutput_Impl,2.2,0,False,None
OS_BSP_ConsoleOutput_Impl,2.2,1,False,None
OS_BSP_ConsoleOutput_Impl,2.2,2,False,None
OS_BSP_ConsoleOutput_Impl,2.2,3,False,None
OS_BSP_ConsoleOutput_Impl,2.2,4,False,None
OS_BSP_ConsoleOutput_Impl,2.2,5,True,success
OS_BSP_ConsoleOutput_Impl,2.2,6,False,None
OS_BSP_ConsoleOutput_Impl,2.2,7,False,None
OS_BSP_ConsoleOutput_Impl,2.2,8,False,None
OS_BSP_ConsoleOutput_Impl,2.2,9,False,None
OS_BSP_ConsoleOutput_Impl,2.2,10,False,None
OS_BSP_ConsoleOutput_Impl,2.2,11,False,None
OS_BSP_ConsoleOutput_Impl,17.8,0,True,success
OS_BSP_ConsoleOutput_Impl,17.8,1,True,success
OS_BSP_ConsoleOutput_Impl,21.17,0,False,None
OS_BSP_ConsoleOutput_Impl,21.17,1,True,success
OS_BSP_ConsoleOutput_Impl,21.17,2,False,None
OS_BSP_ConsoleOutput_Impl,21.17,3,True,success
OS_BSP_Initialize,2.1,0,True,success
OS_BSP_Initialize,2.1,1,True,success
OS_BSP_Initialize,2.1,2,True,success
OS_BSP_Initialize,2.2,0,True,success
OS_BSP_Initialize,2.2,1,False,None
OS_BSP_Initialize,2.2,2,True,success
OS_BSP_Initialize,2.2,3,True,success
OS_BSP_Initialize,8.13,0,False,None
OS_BSP_Initialize,8.13,1,False,None
OS_BSP_Initialize,8.13,2,False,None
OS_BSP_Initialize,8.13,3,False,None
OS_BSP_Initialize,8.13,4,False,None
OS_BSP_Initialize,8.13,5,False,None
OS_BSP_Initialize,8.13,6,False,None
OS_BSP_Initialize,8.13,7,False,None
OS_BSP_Initialize,8.13,8,True,success
OS_BSP_Initialize,8.13,9,False,None
OS_BSP_Initialize,8.13,10,False,None
OS_BSP_Lock_Impl,2.1,0,True,success
OS_BSP_Lock_Impl,2.1,1,False,None
OS_BSP_Lock_Impl,2.1,2,False,None
OS_BSP_Lock_Impl,2.2,0,False,None
OS_BSP_Lock_Impl,2.2,1,False,None
OS_BSP_Lock_Impl,2.2,2,False,None
OS_BSP_Lock_Impl,8.13,0,False,None
OS_BSP_Lock_Impl,8.13,1,False,None
OS_BSP_Lock_Impl,8.13,2,False,None
OS_BSP_Lock_Impl,21.17,0,False,None
OS_BSP_Unlock_Impl,2.1,0,True,success
OS_BSP_Unlock_Impl,2.2,0,False,None
OS_BSP_Unlock_Impl,2.2,1,False,None
OS_BSP_Unlock_Impl,2.2,2,True,success
OS_BSP_Unlock_Impl,2.2,3,False,None
OS_BSP_Unlock_Impl,2.2,4,False,None
OS_BSP_Unlock_Impl,2.2,5,False,None
OS_BSP_Unlock_Impl,2.2,6,True,success
OS_BSP_Unlock_Impl,8.13,0,False,None
OS_BSP_Unlock_Impl,8.13,1,False,None
OS_BSP_Unlock_Impl,8.13,2,False,None
OS_BSP_Unlock_Impl,21.17,0,False,None
OS_BSP_Unlock_Impl,21.17,1,True,success
OS_CloseFileByName,2.1,0,False,None
OS_CloseFileByName,2.1,1,False,None
OS_CloseFileByName,2.1,2,False,None
OS_CloseFileByName,2.2,0,False,None
OS_CloseFileByName,2.2,1,False,None
OS_CloseFileByName,2.2,2,False,None
OS_CloseFileByName,2.2,3,False,None
OS_CloseFileByName,2.2,4,False,None
OS_CloseFileByName,8.13,0,True,compile_failed
OS_CloseFileByName,8.13,1,False,None
OS_CloseFileByName,8.13,2,True,compile_failed
OS_CloseFileByName,8.13,3,True,compile_failed
OS_CloseFileByName,8.13,4,True,compile_failed
OS_CloseFileByName,8.13,5,True,compile_failed
OS_CloseFileByName,8.13,6,True,compile_failed
OS_CloseFileByName,8.13,7,False,None
OS_CloseFileByName,8.13,8,True,compile_failed
OS_CloseFileByName,8.13,9,True,compile_failed
OS_CloseFileByName,8.13,10,False,None
OS_CloseFileByName,8.13,11,True,compile_failed
OS_CloseFileByName,8.13,12,True,compile_failed
OS_CloseFileByName,8.13,13,True,compile_failed
OS_CloseFileByName,21.17,0,False,None
OS_CloseFileByName,21.17,1,True,compile_failed
OS_CloseFileByName,21.17,2,True,compile_failed
OS_CloseFileByName,21.17,3,False,None
OS_CondVarLock_Impl,2.1,0,False,None
OS_CondVarLock_Impl,2.1,1,False,None
OS_CondVarLock_Impl,2.1,2,False,None
OS_CondVarLock_Impl,2.1,3,False,None
OS_CondVarLock_Impl,8.13,0,True,compile_failed
OS_CondVarLock_Impl,8.13,1,False,None
OS_CondVarLock_Impl,8.13,2,False,None
OS_CondVarLock_Impl,8.13,3,False,None
OS_ConsoleTask_Entry,2.2,0,False,None
OS_ConsoleTask_Entry,2.2,1,False,None
OS_ConsoleTask_Entry,2.2,2,False,None
OS_ConsoleTask_Entry,2.2,3,False,None
OS_ConsoleTask_Entry,2.2,4,False,None
OS_ConsoleTask_Entry,2.2,5,False,None
OS_ConsoleTask_Entry,2.2,6,False,None
OS_ConsoleTask_Entry,2.2,7,False,None
OS_ConsoleTask_Entry,8.13,0,False,None
OS_ConsoleTask_Entry,8.13,1,False,None
OS_ConsoleTask_Entry,17.8,0,False,None
OS_ConsoleTask_Entry,17.8,1,False,None
OS_ConsoleTask_Entry,17.8,2,False,None
OS_ConsoleTask_Entry,17.8,3,False,None
OS_ConsoleWrite,2.1,0,False,None
OS_ConsoleWrite,2.1,1,False,None
OS_ConsoleWrite,2.1,2,True,empty_test_log
OS_ConsoleWrite,2.1,3,False,None
OS_ConsoleWrite,2.1,4,False,None
OS_ConsoleWrite,2.2,0,False,None
OS_ConsoleWrite,2.2,1,False,None
OS_ConsoleWrite,2.2,2,False,None
OS_ConsoleWrite,2.2,3,False,None
OS_ConsoleWrite,2.2,4,False,None
OS_ConsoleWrite,2.2,5,False,None
OS_ConsoleWrite,2.2,6,False,None
OS_ConsoleWrite,2.2,7,False,None
OS_ConsoleWrite,2.2,8,False,None
OS_ConsoleWrite,8.13,0,False,None
OS_ConsoleWrite,8.13,1,False,None
OS_ConsoleWrite,8.13,2,False,None
OS_ConsoleWrite,8.13,3,False,None
OS_ConsoleWrite,8.13,4,False,None
OS_CountSemTake_Impl,8.13,0,False,None
OS_CountSemTake_Impl,8.13,1,False,None
OS_CountSemTake_Impl,8.13,2,False,None
OS_CountSemTake_Impl,8.13,3,False,None
OS_CountSemTake_Impl,8.13,4,False,None
OS_CountSemTake_Impl,8.13,5,False,None
OS_CountSemTake_Impl,21.14,0,False,None
OS_CountSemTake_Impl,21.14,1,False,None
OS_CountSemTimedWait_Impl,2.2,0,False,None
OS_CountSemTimedWait_Impl,2.2,1,False,None
OS_CountSemTimedWait_Impl,2.2,2,False,None
OS_CountSemTimedWait_Impl,2.2,3,False,None
OS_CountSemTimedWait_Impl,2.2,4,False,None
OS_CountSemTimedWait_Impl,2.2,5,False,None
OS_CountSemTimedWait_Impl,2.2,6,False,None
OS_CountSemTimedWait_Impl,2.2,7,False,None
OS_CountSemTimedWait_Impl,2.2,8,False,None
OS_CountSemTimedWait_Impl,2.2,9,False,None
OS_CountSemTimedWait_Impl,2.2,10,False,None
OS_CountSemTimedWait_Impl,21.14,0,False,None
OS_DeleteAllObjects,2.1,0,False,None
OS_DeleteAllObjects,2.1,1,False,None
OS_DeleteAllObjects,2.1,2,False,None
OS_DeleteAllObjects,2.1,3,False,None
OS_DeleteAllObjects,2.1,4,False,None
OS_DeleteAllObjects,2.1,5,False,None
OS_DeleteAllObjects,2.1,6,False,None
OS_DeleteAllObjects,2.1,7,False,None
OS_DeleteAllObjects,2.1,8,False,None
OS_DeleteAllObjects,2.2,0,False,None
OS_DeleteAllObjects,2.2,1,False,None
OS_DeleteAllObjects,2.2,2,False,None
OS_DeleteAllObjects,2.2,3,True,success
OS_DeleteAllObjects,2.2,4,False,None
OS_DeleteAllObjects,2.2,5,False,None
OS_DeleteAllObjects,8.13,0,False,None
OS_DeleteAllObjects,8.13,1,False,None
OS_DeleteAllObjects,8.13,2,False,None
OS_DeleteAllObjects,8.13,3,False,None
OS_FileOpen_Impl,2.1,0,False,None
OS_FileOpen_Impl,2.1,1,False,None
OS_FileOpen_Impl,2.1,2,False,None
OS_FileOpen_Impl,2.1,3,False,None
OS_FileOpen_Impl,2.1,4,False,None
OS_FileOpen_Impl,2.1,5,False,None
OS_FileOpen_Impl,2.1,6,False,None
OS_FileOpen_Impl,2.1,7,False,None
OS_FileOpen_Impl,2.2,0,False,None
OS_FileOpen_Impl,2.2,1,False,None
OS_FileOpen_Impl,2.2,2,True,empty_test_log
OS_FileOpen_Impl,2.2,3,False,None
OS_FileOpen_Impl,2.2,4,True,empty_test_log
OS_FileOpen_Impl,2.2,5,False,None
OS_FileOpen_Impl,21.17,0,False,None
OS_FileOpen_Impl,21.17,1,False,None
OS_FileOpen_Impl,21.17,2,True,empty_test_log
OS_FileOpen_Impl,21.17,3,False,None
OS_FileOpen_Impl,21.17,4,False,None
OS_FileOpen_Impl,21.17,5,True,empty_test_log
OS_FileOpen_Impl,21.17,6,False,None
OS_FileOpen_Impl,21.17,7,False,None
OS_FileOpen_Impl,21.17,8,False,None
OS_FileOpenCheck,2.1,0,False,None
OS_FileOpenCheck,2.1,1,False,None
OS_FileOpenCheck,2.1,2,False,None
OS_FileOpenCheck,2.1,3,False,None
OS_FileOpenCheck,2.1,4,False,None
OS_FileOpenCheck,2.1,5,False,None
OS_FileOpenCheck,2.1,6,False,None
OS_FileOpenCheck,2.1,7,False,None
OS_FileOpenCheck,2.1,8,False,None
OS_FileOpenCheck,2.2,0,False,None
OS_FileOpenCheck,2.2,1,False,None
OS_FileOpenCheck,2.2,2,False,None
OS_FileOpenCheck,2.2,3,False,None
OS_FileOpenCheck,2.2,4,False,None
OS_FileOpenCheck,2.2,5,False,None
OS_FileOpenCheck,2.2,6,False,None
OS_FileOpenCheck,2.2,7,False,None
OS_FileOpenCheck,2.2,8,False,None
OS_FileOpenCheck,2.2,9,False,None
OS_FileOpenCheck,2.2,10,False,None
OS_FileOpenCheck,2.2,11,False,None
OS_FileOpenCheck,2.2,12,False,None
OS_FileOpenCheck,2.2,13,False,None
OS_FileOpenCheck,2.2,14,False,None
OS_FileOpenCheck,2.2,15,False,None
OS_FileOpenCheck,2.2,16,False,None
OS_FileOpenCheck,8.13,0,True,compile_failed
OS_FileOpenCheck,8.13,1,False,None
OS_FileOpenCheck,8.13,2,False,None
OS_FileOpenCheck,8.13,3,True,empty_test_log
OS_FileOpenCheck,8.13,4,True,compile_failed
OS_FileOpenCheck,8.13,5,True,empty_test_log
OS_FileOpenCheck,21.17,0,False,None
OS_FileOpenCheck,21.17,1,True,compile_failed
OS_FileOpenCheck,21.17,2,True,empty_test_log
OS_FileOpenCheck,21.17,3,False,None
OS_FileOpenCheck,21.17,4,False,None
OS_FileOpenCheck,21.17,5,True,compile_failed
OS_FileOpenCheck,21.17,6,True,compile_failed
OS_FileOpenCheck,21.17,7,True,compile_failed
OS_FileSys_FindVirtMountPoint,1.2,0,False,None
OS_FileSys_FindVirtMountPoint,1.2,1,False,None
OS_FileSys_FindVirtMountPoint,1.2,2,False,None
OS_FileSys_FindVirtMountPoint,2.1,0,False,None
OS_FileSys_FindVirtMountPoint,2.1,1,False,None
OS_FileSys_FindVirtMountPoint,2.1,2,False,None
OS_FileSys_FindVirtMountPoint,2.1,3,False,None
OS_FileSys_FindVirtMountPoint,2.2,0,False,None
OS_FileSys_FindVirtMountPoint,2.2,1,False,None
OS_FileSys_FindVirtMountPoint,8.13,0,True,empty_test_log
OS_FileSys_FindVirtMountPoint,8.13,1,True,empty_test_log
OS_FileSys_FindVirtMountPoint,8.13,2,True,compile_failed
OS_FileSys_FindVirtMountPoint,8.13,3,True,empty_test_log
OS_FileSys_FindVirtMountPoint,8.13,4,True,empty_test_log
OS_FileSys_FindVirtMountPoint,8.13,5,True,empty_test_log
OS_FileSys_FindVirtMountPoint,8.13,6,True,compile_failed
OS_FileSys_FindVirtMountPoint,21.17,0,True,empty_test_log
OS_FileSys_FindVirtMountPoint,21.17,1,False,None
OS_FileSys_FindVirtMountPoint,21.17,2,False,None
OS_FileSys_FindVirtMountPoint,21.17,3,True,empty_test_log
OS_FileSys_Initialize,2.1,0,False,None
OS_FileSys_Initialize,2.1,1,False,None
OS_FileSys_Initialize,2.1,2,False,None
OS_FileSys_Initialize,2.2,0,False,None
OS_FileSys_Initialize,2.2,1,True,empty_test_log
OS_FileSys_Initialize,2.2,2,True,success
OS_FileSys_Initialize,2.2,3,True,compile_failed
OS_FileSys_Initialize,2.2,4,False,None
OS_FileSys_Initialize,8.13,0,False,None
OS_FileSys_Initialize,8.13,1,False,None
OS_FileSys_Initialize,8.13,2,True,success
OS_FileSys_Initialize,14.2,0,False,None
OS_FileSys_Initialize,14.2,1,False,None
OS_FileSys_Initialize,17.8,0,False,None
OS_FileSys_Initialize,17.8,1,False,None
OS_FileSys_Initialize,17.8,2,False,None
OS_FileSys_Initialize,17.8,3,False,None
OS_FileSys_Initialize,21.17,0,True,empty_test_log
OS_FileSys_Initialize,21.17,1,True,success
OS_FileSys_Initialize,21.17,2,True,success
OS_FileSys_Initialize,21.17,3,False,None
OS_FileSys_Initialize,21.17,4,False,None
OS_FileSys_Initialize,21.17,5,False,None
OS_FileSys_Initialize,21.17,6,False,None
OS_FileSysAddFixedMap,2.1,0,False,None
OS_FileSysAddFixedMap,2.1,1,False,None
OS_FileSysAddFixedMap,2.1,2,False,None
OS_FileSysAddFixedMap,2.1,3,False,None
OS_FileSysAddFixedMap,2.1,4,False,None
OS_FileSysAddFixedMap,2.1,5,False,None
OS_FileSysAddFixedMap,2.1,6,False,None
OS_FileSysAddFixedMap,2.1,7,False,None
OS_FileSysAddFixedMap,2.2,0,False,None
OS_FileSysAddFixedMap,2.2,1,False,None
OS_FileSysAddFixedMap,2.2,2,False,None
OS_FileSysAddFixedMap,2.2,3,False,None
OS_FileSysAddFixedMap,2.2,4,False,None
OS_FileSysAddFixedMap,2.2,5,False,None
OS_FileSysAddFixedMap,2.2,6,False,None
OS_FileSysAddFixedMap,8.13,0,False,None
OS_FileSysAddFixedMap,8.13,1,False,None
OS_FileSysAddFixedMap,8.13,2,False,None
OS_FileSysAddFixedMap,8.13,3,False,None
OS_FileSysAddFixedMap,14.2,0,False,None
OS_FileSysAddFixedMap,21.17,0,True,empty_test_log
OS_FileSysAddFixedMap,21.17,1,True,empty_test_log
OS_FileSysAddFixedMap,21.17,2,False,None
OS_FileSysAddFixedMap,21.17,3,False,None
OS_FileSysAddFixedMap,21.17,4,False,None
OS_FileSysAddFixedMap,21.17,5,False,None
OS_Lock_Global_Impl,2.2,0,False,None
OS_Lock_Global_Impl,2.2,1,False,None
OS_Lock_Global_Impl,2.2,2,False,None
OS_Lock_Global_Impl,2.2,3,False,None
OS_Lock_Global_Impl,2.2,4,False,None
OS_Lock_Global_Impl,8.13,0,False,None
OS_Lock_Global_Impl,8.13,1,False,None
OS_Lock_Global_Impl,8.13,2,False,None
OS_Lock_Global_Impl,8.13,3,False,None
OS_Lock_Global_Impl,21.17,0,False,None
OS_ModuleLoad,2.1,0,False,None
OS_ModuleLoad,2.1,1,False,None
OS_ModuleLoad,2.1,2,False,None
OS_ModuleLoad,2.1,3,False,None
OS_ModuleLoad,2.1,4,False,None
OS_ModuleLoad,2.2,0,False,None
OS_ModuleLoad,2.2,1,False,None
OS_ModuleLoad,2.2,2,False,None
OS_ModuleLoad,2.2,3,False,None
OS_ModuleLoad,2.2,4,False,None
OS_ModuleLoad,2.2,5,False,None
OS_ModuleLoad,2.2,6,False,None
OS_ModuleLoad,2.2,7,False,None
OS_ModuleLoad,2.2,8,True,empty_test_log
OS_ModuleLoad,2.2,9,False,None
OS_ModuleLoad,2.2,10,False,None
OS_ModuleLoad,2.2,11,False,None
OS_ModuleLoad,2.2,12,False,None
OS_ModuleLoad,2.2,13,False,None
OS_ModuleLoad,2.2,14,False,None
OS_ModuleLoad,2.2,15,True,empty_test_log
OS_ModuleLoad,2.2,16,False,None
OS_ModuleLoad,2.2,17,False,None
OS_ModuleLoad,8.13,0,False,None
OS_ModuleLoad,8.13,1,True,compile_failed
OS_ModuleLoad,8.13,2,True,empty_test_log
OS_ModuleLoad,8.13,3,False,None
OS_ModuleLoad,8.13,4,False,None
OS_ModuleLoad,14.2,0,False,None
OS_ModuleLoad,14.2,1,False,None
OS_ModuleLoad,14.2,2,False,None
OS_ModuleLoad,14.2,3,False,None
OS_ModuleLoad,14.2,4,False,None
OS_ModuleLoad,14.2,5,False,None
OS_ModuleLoad,14.2,6,False,None
OS_ModuleLoad,14.2,7,False,None
OS_ModuleLoad,14.2,8,False,None
OS_ModuleLoad,14.2,9,False,None
OS_ModuleLoad,17.8,0,False,None
OS_ModuleLoad,17.8,1,False,None
OS_ModuleLoad,17.8,2,False,None
OS_ModuleLoad,17.8,3,False,None
OS_ModuleLoad,21.17,0,False,None
OS_ModuleLoad,21.17,1,True,empty_test_log
OS_ModuleLoad,21.17,2,True,empty_test_log
OS_ModuleLoad_Impl,2.1,0,False,None
OS_ModuleLoad_Impl,2.1,1,False,None
OS_ModuleLoad_Impl,2.1,2,False,None
OS_ModuleLoad_Impl,2.1,3,False,None
OS_ModuleLoad_Impl,2.2,0,True,empty_test_log
OS_ModuleLoad_Impl,2.2,1,False,None
OS_ModuleLoad_Impl,8.13,0,True,empty_test_log
OS_ModuleLoad_Impl,8.13,1,True,empty_test_log
OS_ModuleLoad_Impl,8.13,2,True,empty_test_log
OS_ModuleLoad_Impl,17.8,0,False,None
OS_ModuleLoad_Impl,17.8,1,False,None
OS_ModuleLoad_Impl,17.8,2,False,None
OS_ModuleLoad_Impl,17.8,3,False,None
OS_ModuleLoad_Impl,17.8,4,False,None
OS_ModuleLoad_Impl,17.8,5,False,None
OS_ModuleLoad_Impl,21.17,0,False,None
OS_ModuleLoad_Impl,21.17,1,True,empty_test_log
OS_ModuleLoad_Impl,21.17,2,False,None
OS_ModuleLoad_Impl,21.17,3,True,compile_failed
OS_ModuleLoad_Impl,21.17,4,False,None
OS_ModuleLoad_Impl,21.17,5,False,None
OS_ModuleLoad_Impl,21.17,6,False,None
OS_ModuleLoad_Impl,21.17,7,False,None
OS_ModuleLoad_Static,2.1,0,False,None
OS_ModuleLoad_Static,2.1,1,False,None
OS_ModuleLoad_Static,2.1,2,False,None
OS_ModuleLoad_Static,2.2,0,False,None
OS_ModuleLoad_Static,2.2,1,False,None
OS_ModuleLoad_Static,2.2,2,False,None
OS_ModuleLoad_Static,2.2,3,False,None
OS_ModuleLoad_Static,2.2,4,False,None
OS_ModuleLoad_Static,2.2,5,False,None
OS_ModuleLoad_Static,8.13,0,False,None
OS_ModuleLoad_Static,8.13,1,False,None
OS_ModuleLoad_Static,8.13,2,False,None
OS_ModuleLoad_Static,21.17,0,True,empty_test_log
OS_ModuleLoad_Static,21.17,1,False,None
OS_ModuleLoad_Static,21.17,2,False,None
OS_ModuleLoad_Static,21.17,3,False,None
OS_ModuleLoad_Static,21.17,4,True,compile_failed
OS_ModuleLoad_Static,21.17,5,False,None
OS_NetworkGetID,2.1,0,True,empty_test_log
OS_NetworkGetID,2.2,0,False,None
OS_NetworkGetID,2.2,1,False,None
OS_NetworkGetID,8.13,0,False,None
OS_NetworkGetID,8.13,1,False,None
OS_NetworkGetID,21.17,0,False,None
OS_NetworkGetID,21.17,1,True,empty_test_log
OS_NetworkGetID,21.17,2,False,None
OS_printf,1.2,0,False,None
OS_printf,1.2,1,False,None
OS_printf,1.2,2,False,None
OS_printf,1.2,3,False,None
OS_printf,2.1,0,False,None
OS_printf,2.1,1,False,None
OS_printf,2.1,2,False,None
OS_printf,2.2,0,True,success
OS_printf,2.2,1,True,success
OS_printf,2.2,2,False,None
OS_printf,2.2,3,False,None
OS_printf,2.2,4,True,success
OS_printf,8.13,0,False,None
OS_printf,8.13,1,False,None
OS_printf,14.2,0,False,None
OS_printf,21.17,0,False,None
OS_printf,21.17,1,False,None
OS_printf,21.17,2,False,None
OS_printf,21.17,3,False,None
OS_printf,21.17,4,False,None
OS_printf,21.17,5,False,None
OS_PthreadTaskEntry,2.1,0,True,empty_test_log
OS_PthreadTaskEntry,2.1,1,True,empty_test_log
OS_PthreadTaskEntry,2.1,2,True,empty_test_log
OS_PthreadTaskEntry,2.2,0,False,None
OS_PthreadTaskEntry,2.2,1,False,None
OS_PthreadTaskEntry,8.13,0,True,empty_test_log
OS_PthreadTaskEntry,8.13,1,False,None
OS_rename,2.2,0,False,None
OS_rename,2.2,1,True,compile_failed
OS_rename,2.2,2,False,None
OS_rename,2.2,3,False,None
OS_rename,2.2,4,False,None
OS_rename,2.2,5,False,None
OS_rename,2.2,6,False,None
OS_rename,8.13,0,True,compile_failed
OS_rename,8.13,1,True,compile_failed
OS_rename,8.13,2,True,compile_failed
OS_rename,8.13,3,True,compile_failed
OS_rename,8.13,4,True,compile_failed
OS_rename,21.17,0,False,None
OS_rename,21.17,1,False,None
OS_rename,21.17,2,False,None
OS_rename,21.17,3,True,compile_failed
OS_rename,21.17,4,False,None
OS_rename,21.17,5,False,None
OS_rename,21.17,6,False,None
OS_rename,21.17,7,False,None
OS_rename,21.17,8,False,None
OS_rename,21.17,9,True,compile_failed
OS_rename,21.17,10,False,None
OS_rename,21.17,11,False,None
OS_SocketAccept_Impl,2.1,0,False,None
OS_SocketAccept_Impl,2.1,1,False,None
OS_SocketAccept_Impl,2.1,2,False,None
OS_SocketAccept_Impl,2.1,3,False,None
OS_SocketAccept_Impl,2.2,0,False,None
OS_SocketAccept_Impl,2.2,1,False,None
OS_SocketAccept_Impl,2.2,2,False,None
OS_SocketAccept_Impl,2.2,3,False,None
OS_SocketAccept_Impl,2.2,4,True,empty_test_log
OS_SocketAccept_Impl,8.13,0,True,compile_failed
OS_SocketAccept_Impl,8.13,1,True,compile_failed
OS_SocketAccept_Impl,8.13,2,False,None
OS_SocketAccept_Impl,8.13,3,True,compile_failed
OS_SocketAccept_Impl,21.17,0,False,None
OS_SocketAccept_Impl,21.17,1,False,None
OS_SocketAddrFromString_Impl,2.1,0,True,compile_failed
OS_SocketAddrFromString_Impl,2.2,0,False,None
OS_SocketAddrFromString_Impl,2.2,1,False,None
OS_SocketAddrFromString_Impl,8.13,0,False,None
OS_SocketAddrFromString_Impl,8.13,1,False,None
OS_SocketAddrFromString_Impl,8.13,2,False,None
OS_SocketAddrFromString_Impl,8.13,3,False,None
OS_SocketAddrFromString_Impl,8.13,4,False,None
OS_SocketAddrFromString_Impl,8.13,5,False,None
OS_SocketAddrFromString_Impl,8.13,6,False,None
OS_SocketAddrGetPort_Impl,2.1,0,True,empty_test_log
OS_SocketAddrGetPort_Impl,2.2,0,False,None
OS_SocketAddrGetPort_Impl,2.2,1,False,None
OS_SocketAddrGetPort_Impl,8.13,0,False,None
OS_SocketAddrGetPort_Impl,8.13,1,False,None
OS_SocketAddrGetPort_Impl,8.13,2,False,None
OS_SocketAddrGetPort_Impl,8.13,3,False,None
OS_SocketAddrGetPort_Impl,17.8,0,False,None
OS_SocketAddrGetPort_Impl,17.8,1,False,None
OS_SocketAddrGetPort_Impl,17.8,2,False,None
OS_SocketAddrToString_Impl,2.1,0,True,compile_failed
OS_SocketAddrToString_Impl,2.2,0,False,None
OS_SocketAddrToString_Impl,2.2,1,False,None
OS_SocketAddrToString_Impl,8.13,0,False,None
OS_SocketAddrToString_Impl,8.13,1,False,None
OS_SocketAddrToString_Impl,8.13,2,False,None
OS_SocketAddrToString_Impl,8.13,3,False,None
OS_SocketAddrToString_Impl,8.13,4,False,None
OS_SocketAddrToString_Impl,8.13,5,False,None
OS_SocketAddrToString_Impl,8.13,6,False,None
OS_SocketAddrToString_Impl,21.17,0,False,None
OS_SocketAddrToString_Impl,21.17,1,False,None
OS_SocketAddrToString_Impl,21.17,2,False,None
OS_SocketAddrToString_Impl,21.17,3,False,None
OS_SocketAddrToString_Impl,21.17,4,False,None
OS_SocketAddrToString_Impl,21.17,5,False,None
OS_SocketAddrToString_Impl,21.17,6,True,compile_failed
OS_SocketRecvFrom_Impl,2.1,0,False,None
OS_SocketRecvFrom_Impl,2.1,1,False,None
OS_SocketRecvFrom_Impl,2.1,2,False,None
OS_SocketRecvFrom_Impl,2.1,3,False,None
OS_SocketRecvFrom_Impl,2.1,4,False,None
OS_SocketRecvFrom_Impl,2.1,5,False,None
OS_SocketRecvFrom_Impl,2.2,0,False,None
OS_SocketRecvFrom_Impl,2.2,1,False,None
OS_SocketRecvFrom_Impl,2.2,2,False,None
OS_SocketRecvFrom_Impl,2.2,3,False,None
OS_SocketRecvFrom_Impl,2.2,4,False,None
OS_SocketRecvFrom_Impl,2.2,5,False,None
OS_SocketRecvFrom_Impl,2.2,6,False,None
OS_SocketRecvFrom_Impl,2.2,7,False,None
OS_SocketRecvFrom_Impl,2.2,8,False,None
OS_SocketRecvFrom_Impl,2.2,9,True,empty_test_log
OS_SocketRecvFrom_Impl,2.2,10,False,None
OS_SocketRecvFrom_Impl,8.13,0,False,None
OS_SocketRecvFrom_Impl,8.13,1,True,empty_test_log
OS_SocketRecvFrom_Impl,8.13,2,True,empty_test_log
OS_SocketRecvFrom_Impl,21.17,0,False,None
OS_SocketRecvFrom_Impl,21.17,1,False,None
OS_SocketRecvFrom_Impl,21.17,2,False,None
OS_SocketRecvFrom_Impl,21.17,3,False,None
OS_SymbolLookup_Impl,2.2,0,False,None
OS_SymbolLookup_Impl,2.2,1,False,None
OS_SymbolLookup_Impl,2.2,2,False,None
OS_SymbolLookup_Impl,2.2,3,False,None
OS_SymbolLookup_Impl,2.2,4,False,None
OS_SymbolLookup_Impl,2.2,5,False,None
OS_SymbolLookup_Impl,8.13,0,False,None
OS_SymbolLookup_Impl,8.13,1,False,None
OS_SymbolLookup_Impl,8.13,2,True,empty_test_log
OS_SymbolLookup_Impl,8.13,3,False,None
OS_SymbolLookup_Impl,8.13,4,False,None
OS_SymbolLookup_Impl,8.13,5,False,None
OS_SymbolLookup_Impl,8.13,6,False,None
OS_SymbolLookup_Impl,8.13,7,True,empty_test_log
OS_SymbolLookup_Impl,14.2,0,False,None
OS_SymbolLookup_Impl,14.2,1,False,None
OS_SymbolLookup_Impl,14.2,2,False,None
OS_SymbolLookup_Impl,14.2,3,False,None
OS_SymbolLookup_Static,2.1,0,False,None
OS_SymbolLookup_Static,2.1,1,False,None
OS_SymbolLookup_Static,2.1,2,False,None
OS_SymbolLookup_Static,2.1,3,False,None
OS_SymbolLookup_Static,2.2,0,False,None
OS_SymbolLookup_Static,2.2,1,False,None
OS_SymbolLookup_Static,2.2,2,False,None
OS_SymbolLookup_Static,2.2,3,False,None
OS_SymbolLookup_Static,2.2,4,False,None
OS_SymbolLookup_Static,2.2,5,False,None
OS_SymbolLookup_Static,2.2,6,False,None
OS_SymbolLookup_Static,2.2,7,False,None
OS_SymbolLookup_Static,2.2,8,False,None
OS_SymbolLookup_Static,2.2,9,False,None
OS_SymbolLookup_Static,2.2,10,False,None
OS_SymbolLookup_Static,8.13,0,False,None
OS_SymbolLookup_Static,8.13,1,False,None
OS_SymbolLookup_Static,8.13,2,False,None
OS_SymbolLookup_Static,8.13,3,False,None
OS_SymbolLookup_Static,21.17,0,True,compile_failed
OS_SymbolLookup_Static,21.17,1,True,empty_test_log
OS_SymbolLookup_Static,21.17,2,True,empty_test_log
OS_TaskRegister_Impl,2.1,0,False,None
OS_TaskRegister_Impl,2.1,1,False,None
OS_TaskRegister_Impl,2.1,2,False,None
OS_TaskRegister_Impl,2.1,3,False,None
OS_TaskRegister_Impl,2.1,4,False,None
OS_TaskRegister_Impl,2.1,5,False,None
OS_TaskRegister_Impl,2.1,6,False,None
OS_TaskRegister_Impl,2.1,7,False,None
OS_TaskRegister_Impl,2.2,0,False,None
OS_TaskRegister_Impl,2.2,1,True,empty_test_log
OS_TaskRegister_Impl,2.2,2,False,None
OS_TaskRegister_Impl,2.2,3,False,None
OS_TaskRegister_Impl,8.13,0,False,None
OS_TaskRegister_Impl,8.13,1,True,empty_test_log
OS_TaskRegister_Impl,21.17,0,False,None
OS_TaskRegister_Impl,21.17,1,False,None
OS_TranslatePath,2.1,0,True,success
OS_TranslatePath,2.1,1,False,None
OS_TranslatePath,2.2,0,True,success
OS_TranslatePath,2.2,1,True,success
OS_TranslatePath,8.13,0,False,None
OS_TranslatePath,8.13,1,True,success
OS_TranslatePath,8.13,2,True,success
OS_TranslatePath,8.13,3,True,success
OS_TranslatePath,14.2,0,False,None
OS_TranslatePath,14.2,1,False,None
OS_TranslatePath,14.2,2,False,None
OS_TranslatePath,14.2,3,False,None
OS_TranslatePath,14.2,4,False,None
OS_TranslatePath,14.2,5,False,None
OS_TranslatePath,14.2,6,False,None
OS_TranslatePath,14.2,7,False,None
OS_TranslatePath,14.2,8,False,None
OS_TranslatePath,14.2,9,False,None
OS_TranslatePath,14.2,10,False,None
OS_TranslatePath,14.2,11,False,None
OS_TranslatePath,21.17,0,False,None
OS_TranslatePath,21.17,1,True,compile_failed
OS_TranslatePath,21.17,2,True,success
OS_TranslatePath,21.17,3,True,compile_failed
OS_TranslatePath,21.17,4,False,None
OS_TranslatePath,21.17,5,False,None
OS_TranslatePath,21.17,6,False,None
