add_new_user_entry,1.2,False,None,None
add_new_user_entry,2.1,False,None,None
add_new_user_entry,2.2,True,compile_failed,compile_failed
add_new_user_entry,8.13,False,None,None
add_new_user_entry,14.2,False,None,None
add_new_user_entry,17.8,False,None,None
add_new_user_entry,21.14,False,None,None
add_new_user_entry,21.17,False,None,None
add_response_entry,1.2,False,None,None
add_response_entry,2.1,False,None,None
add_response_entry,2.2,False,None,None
add_response_entry,8.13,False,None,None
add_response_entry,14.2,False,None,None
add_response_entry,17.8,False,None,None
add_response_entry,21.14,False,None,None
add_response_entry,21.17,True,compile_failed,compile_failed
add_response_entry_n,1.2,False,None,None
add_response_entry_n,2.1,False,None,None
add_response_entry_n,2.2,False,None,None
add_response_entry_n,8.13,False,None,None
add_response_entry_n,14.2,False,None,None
add_response_entry_n,17.8,False,None,None
add_response_entry_n,21.14,False,None,None
add_response_entry_n,21.17,True,compile_failed,compile_failed
add_response_header_connection,1.2,False,None,None
add_response_header_connection,2.1,False,None,None
add_response_header_connection,2.2,True,compile_failed,compile_failed
add_response_header_connection,8.13,False,None,None
add_response_header_connection,14.2,False,None,None
add_response_header_connection,17.8,False,None,None
add_response_header_connection,21.14,True,compile_failed,compile_failed
add_response_header_connection,21.17,True,compile_failed,compile_failed
ahc_cb,1.2,False,None,None
ahc_cb,2.1,False,None,None
ahc_cb,2.2,False,None,None
ahc_cb,8.13,False,None,None
ahc_cb,14.2,True,compile_failed,compile_failed
ahc_cb,17.8,False,None,None
ahc_cb,21.14,True,compile_failed,compile_failed
ahc_cb,21.17,True,compile_failed,compile_failed
ahc_echo,1.2,False,None,None
ahc_echo,2.1,False,None,None
ahc_echo,2.2,True,compile_failed,compile_failed
ahc_echo,8.13,False,None,None
ahc_echo,14.2,False,None,None
ahc_echo,17.8,False,None,None
ahc_echo,21.14,True,compile_failed,compile_failed
ahc_echo,21.17,True,compile_failed,compile_failed
ahc_echo,1.2,False,None,None
ahc_echo,2.1,False,None,None
ahc_echo,2.2,True,compile_failed,compile_failed
ahc_echo,8.13,False,None,None
ahc_echo,14.2,False,None,None
ahc_echo,17.8,False,None,None
ahc_echo,21.14,False,None,None
ahc_echo,21.17,False,None,None
ahc_echo,1.2,False,None,None
ahc_echo,2.1,False,None,None
ahc_echo,2.2,True,compile_failed,compile_failed
ahc_echo,8.13,False,None,None
ahc_echo,14.2,False,None,None
ahc_echo,17.8,False,None,None
ahc_echo,21.14,False,None,None
ahc_echo,21.17,False,None,None
ahc_echo,1.2,False,None,None
ahc_echo,2.1,False,None,None
ahc_echo,2.2,False,None,None
ahc_echo,8.13,False,None,None
ahc_echo,14.2,False,None,None
ahc_echo,17.8,False,None,None
ahc_echo,21.14,True,compile_failed,compile_failed
ahc_echo,21.17,False,None,None
ahc_echo,1.2,False,None,None
ahc_echo,2.1,False,None,None
ahc_echo,2.2,True,compile_failed,compile_failed
ahc_echo,8.13,False,None,None
ahc_echo,14.2,False,None,None
ahc_echo,17.8,False,None,None
ahc_echo,21.14,False,None,None
ahc_echo,21.17,False,None,None
ahc_echo,1.2,False,None,None
ahc_echo,2.1,False,None,None
ahc_echo,2.2,False,None,None
ahc_echo,8.13,False,None,None
ahc_echo,14.2,False,None,None
ahc_echo,17.8,False,None,None
ahc_echo,21.14,False,None,None
ahc_echo,21.17,False,None,None
answer_to_connection,1.2,False,None,None
answer_to_connection,2.1,False,None,None
answer_to_connection,2.2,True,compile_failed,compile_failed
answer_to_connection,8.13,False,None,None
answer_to_connection,14.2,False,None,None
answer_to_connection,17.8,False,None,None
answer_to_connection,21.14,False,None,None
answer_to_connection,21.17,True,compile_failed,compile_failed
answer_to_connection,1.2,False,None,None
answer_to_connection,2.1,False,None,None
answer_to_connection,2.2,True,compile_failed,compile_failed
answer_to_connection,8.13,False,None,None
answer_to_connection,14.2,False,None,None
answer_to_connection,17.8,False,None,None
answer_to_connection,21.14,True,compile_failed,compile_failed
answer_to_connection,21.17,False,None,None
calculate_add_nonce_with_retry,1.2,True,parse_failed,parse_failed
calculate_add_nonce_with_retry,2.1,False,None,None
calculate_add_nonce_with_retry,2.2,False,None,None
calculate_add_nonce_with_retry,8.13,False,None,None
calculate_add_nonce_with_retry,14.2,False,None,None
calculate_add_nonce_with_retry,17.8,False,None,None
calculate_add_nonce_with_retry,21.14,False,None,None
calculate_add_nonce_with_retry,21.17,False,None,None
compress_buf,1.2,False,None,None
compress_buf,2.1,False,None,None
compress_buf,2.2,True,compile_failed,compile_failed
compress_buf,8.13,False,None,None
compress_buf,14.2,False,None,None
compress_buf,17.8,True,compile_failed,compile_failed
compress_buf,21.14,False,None,None
compress_buf,21.17,True,compile_failed,compile_failed
create_response,1.2,False,None,None
create_response,2.1,False,None,None
create_response,2.2,True,compile_failed,compile_failed
create_response,8.13,False,None,None
create_response,14.2,False,None,None
create_response,17.8,True,compile_failed,compile_failed
create_response,21.14,False,None,None
create_response,21.17,False,None,None
detect_cpu_core_count,1.2,False,None,None
detect_cpu_core_count,2.1,False,None,None
detect_cpu_core_count,2.2,False,None,None
detect_cpu_core_count,8.13,False,None,None
detect_cpu_core_count,14.2,False,None,None
detect_cpu_core_count,17.8,False,None,None
detect_cpu_core_count,21.14,False,None,None
detect_cpu_core_count,21.17,False,None,None
digest_auth_check_all_inner,1.2,False,None,None
digest_auth_check_all_inner,2.1,False,None,None
digest_auth_check_all_inner,2.2,False,None,None
digest_auth_check_all_inner,8.13,False,None,None
digest_auth_check_all_inner,14.2,False,None,None
digest_auth_check_all_inner,17.8,False,None,None
digest_auth_check_all_inner,21.14,True,compile_failed,None
digest_auth_check_all_inner,21.17,False,None,None
file_reader,1.2,False,None,None
file_reader,2.1,False,None,None
file_reader,2.2,True,compile_failed,compile_failed
file_reader,8.13,True,compile_failed,compile_failed
file_reader,14.2,False,None,None
file_reader,17.8,True,compile_failed,compile_failed
file_reader,21.14,False,None,None
file_reader,21.17,False,None,None
fill_v1_form,1.2,False,None,None
fill_v1_form,2.1,False,None,None
fill_v1_form,2.2,False,None,None
fill_v1_form,8.13,True,compile_failed,compile_failed
fill_v1_form,14.2,False,None,None
fill_v1_form,17.8,False,None,None
fill_v1_form,21.14,True,compile_failed,compile_failed
fill_v1_form,21.17,False,None,None
fill_v1_v2_form,1.2,False,None,None
fill_v1_v2_form,2.1,False,None,None
fill_v1_v2_form,2.2,False,None,None
fill_v1_v2_form,8.13,False,None,None
fill_v1_v2_form,14.2,False,None,None
fill_v1_v2_form,17.8,False,None,None
fill_v1_v2_form,21.14,True,compile_failed,compile_failed
fill_v1_v2_form,21.17,False,None,None
fill_v1_v2_form,1.2,False,None,None
fill_v1_v2_form,2.1,False,None,None
fill_v1_v2_form,2.2,True,compile_failed,compile_failed
fill_v1_v2_form,8.13,False,None,None
fill_v1_v2_form,14.2,False,None,None
fill_v1_v2_form,17.8,False,None,None
fill_v1_v2_form,21.14,True,compile_failed,compile_failed
fill_v1_v2_form,21.17,True,compile_failed,compile_failed
generate_page,1.2,False,None,None
generate_page,2.1,False,None,None
generate_page,2.2,True,compile_failed,compile_failed
generate_page,8.13,False,None,None
generate_page,14.2,False,None,None
generate_page,17.8,False,None,None
generate_page,21.14,True,compile_failed,compile_failed
generate_page,21.17,True,compile_failed,compile_failed
get_no_space_err_status_code,1.2,False,None,None
get_no_space_err_status_code,2.1,False,None,None
get_no_space_err_status_code,2.2,True,compile_failed,compile_failed
get_no_space_err_status_code,8.13,True,compile_failed,parse_failed
get_no_space_err_status_code,14.2,False,None,None
get_no_space_err_status_code,17.8,False,None,None
get_no_space_err_status_code,21.14,False,None,None
get_no_space_err_status_code,21.17,True,compile_failed,compile_failed
get_nonce_timestamp,1.2,False,None,None
get_nonce_timestamp,2.1,False,None,None
get_nonce_timestamp,2.2,False,None,None
get_nonce_timestamp,8.13,False,None,None
get_nonce_timestamp,14.2,False,None,None
get_nonce_timestamp,17.8,True,compile_failed,compile_failed
get_nonce_timestamp,21.14,False,None,None
get_nonce_timestamp,21.17,True,compile_failed,compile_failed
get_request_line_inner,1.2,False,None,None
get_request_line_inner,2.1,False,None,None
get_request_line_inner,2.2,False,None,None
get_request_line_inner,8.13,False,None,None
get_request_line_inner,14.2,False,None,None
get_request_line_inner,17.8,False,None,None
get_request_line_inner,21.14,True,compile_failed,None
get_request_line_inner,21.17,False,None,None
get_rq_extended_uname_copy_z,1.2,False,None,None
get_rq_extended_uname_copy_z,2.1,False,None,None
get_rq_extended_uname_copy_z,2.2,False,None,None
get_rq_extended_uname_copy_z,8.13,False,None,None
get_rq_extended_uname_copy_z,14.2,False,None,None
get_rq_extended_uname_copy_z,17.8,False,None,None
get_rq_extended_uname_copy_z,21.14,False,None,None
get_rq_extended_uname_copy_z,21.17,False,None,None
get_rq_uname,1.2,False,None,None
get_rq_uname,2.1,True,compile_failed,compile_failed
get_rq_uname,2.2,False,None,None
get_rq_uname,8.13,False,None,None
get_rq_uname,14.2,False,None,None
get_rq_uname,17.8,False,None,None
get_rq_uname,21.14,True,compile_failed,compile_failed
get_rq_uname,21.17,True,compile_failed,compile_failed
is_websocket_request,1.2,False,None,None
is_websocket_request,2.1,False,None,None
is_websocket_request,2.2,True,compile_failed,compile_failed
is_websocket_request,8.13,True,compile_failed,compile_failed
is_websocket_request,14.2,False,None,None
is_websocket_request,17.8,False,None,None
is_websocket_request,21.14,False,None,None
is_websocket_request,21.17,False,None,None
iterate_post,1.2,False,None,None
iterate_post,2.1,False,None,None
iterate_post,2.2,True,compile_failed,compile_failed
iterate_post,8.13,False,None,None
iterate_post,14.2,False,None,None
iterate_post,17.8,False,None,None
iterate_post,21.14,False,None,None
iterate_post,21.17,True,compile_failed,compile_failed
keepalive_possible,1.2,False,None,None
keepalive_possible,2.1,False,None,None
keepalive_possible,2.2,False,None,None
keepalive_possible,8.13,True,compile_failed,compile_failed
keepalive_possible,14.2,False,None,None
keepalive_possible,17.8,False,None,None
keepalive_possible,21.14,False,None,None
keepalive_possible,21.17,False,None,None
MHD_accept_connection,1.2,False,None,None
MHD_accept_connection,2.1,False,None,None
MHD_accept_connection,2.2,False,None,None
MHD_accept_connection,8.13,False,None,None
MHD_accept_connection,14.2,False,None,None
MHD_accept_connection,17.8,False,None,None
MHD_accept_connection,21.14,False,None,None
MHD_accept_connection,21.17,False,None,None
MHD_add_response_header,1.2,True,compile_failed,compile_failed
MHD_add_response_header,2.1,False,None,None
MHD_add_response_header,2.2,False,None,None
MHD_add_response_header,8.13,False,None,None
MHD_add_response_header,14.2,False,None,None
MHD_add_response_header,17.8,False,None,None
MHD_add_response_header,21.14,True,compile_failed,compile_failed
MHD_add_response_header,21.17,True,compile_failed,compile_failed
MHD_connection_handle_write,1.2,False,None,None
MHD_connection_handle_write,2.1,False,None,None
MHD_connection_handle_write,2.2,True,compile_failed,compile_failed
MHD_connection_handle_write,8.13,True,compile_failed,compile_failed
MHD_connection_handle_write,14.2,False,None,None
MHD_connection_handle_write,17.8,False,None,None
MHD_connection_handle_write,21.14,False,None,None
MHD_connection_handle_write,21.17,False,None,None
MHD_create_named_thread_,1.2,False,None,None
MHD_create_named_thread_,2.1,False,None,None
MHD_create_named_thread_,2.2,False,None,None
MHD_create_named_thread_,8.13,True,parse_failed,parse_failed
MHD_create_named_thread_,14.2,False,None,None
MHD_create_named_thread_,17.8,False,None,None
MHD_create_named_thread_,21.14,False,None,None
MHD_create_named_thread_,21.17,False,None,None
MHD_del_response_header,1.2,True,compile_failed,compile_failed
MHD_del_response_header,2.1,False,None,None
MHD_del_response_header,2.2,False,None,None
MHD_del_response_header,8.13,False,None,None
MHD_del_response_header,14.2,False,None,None
MHD_del_response_header,17.8,False,None,None
MHD_del_response_header,21.14,True,compile_failed,compile_failed
MHD_del_response_header,21.17,False,None,None
MHD_digest_auth_calc_userdigest,1.2,False,None,None
MHD_digest_auth_calc_userdigest,2.1,False,None,None
MHD_digest_auth_calc_userdigest,2.2,True,compile_failed,compile_failed
MHD_digest_auth_calc_userdigest,8.13,False,None,None
MHD_digest_auth_calc_userdigest,14.2,False,None,None
MHD_digest_auth_calc_userdigest,17.8,False,None,None
MHD_digest_auth_calc_userdigest,21.14,False,None,None
MHD_digest_auth_calc_userdigest,21.17,True,compile_failed,compile_failed
MHD_digest_auth_get_request_info3,1.2,True,compile_failed,compile_failed
MHD_digest_auth_get_request_info3,2.1,False,None,None
MHD_digest_auth_get_request_info3,2.2,False,None,None
MHD_digest_auth_get_request_info3,8.13,False,None,None
MHD_digest_auth_get_request_info3,14.2,False,None,None
MHD_digest_auth_get_request_info3,17.8,False,None,None
MHD_digest_auth_get_request_info3,21.14,False,None,None
MHD_digest_auth_get_request_info3,21.17,False,None,None
MHD_get_connection_values,1.2,True,compile_failed,compile_failed
MHD_get_connection_values,2.1,False,None,None
MHD_get_connection_values,2.2,False,None,None
MHD_get_connection_values,8.13,True,compile_failed,compile_failed
MHD_get_connection_values,14.2,True,compile_failed,compile_failed
MHD_get_connection_values,17.8,False,None,None
MHD_get_connection_values,21.14,False,None,None
MHD_get_connection_values,21.17,False,None,None
MHD_get_response_element_n_,1.2,False,None,None
MHD_get_response_element_n_,2.1,False,None,None
MHD_get_response_element_n_,2.2,False,None,None
MHD_get_response_element_n_,8.13,False,None,None
MHD_get_response_element_n_,14.2,False,None,None
MHD_get_response_element_n_,17.8,False,None,None
MHD_get_response_element_n_,21.14,False,None,None
MHD_get_response_element_n_,21.17,False,None,None
MHD_ip_count_lock,1.2,False,None,None
MHD_ip_count_lock,2.1,False,None,None
MHD_ip_count_lock,2.2,True,compile_failed,compile_failed
MHD_ip_count_lock,8.13,False,None,None
MHD_ip_count_lock,14.2,False,None,None
MHD_ip_count_lock,17.8,False,None,None
MHD_ip_count_lock,21.14,False,None,None
MHD_ip_count_lock,21.17,False,None,None
MHD_ip_count_unlock,1.2,False,None,None
MHD_ip_count_unlock,2.1,False,None,None
MHD_ip_count_unlock,2.2,False,None,None
MHD_ip_count_unlock,8.13,False,None,None
MHD_ip_count_unlock,14.2,False,None,None
MHD_ip_count_unlock,17.8,False,None,None
MHD_ip_count_unlock,21.14,False,None,None
MHD_ip_count_unlock,21.17,False,None,None
MHD_MD5_update,1.2,False,None,None
MHD_MD5_update,2.1,False,None,None
MHD_MD5_update,2.2,True,compile_failed,compile_failed
MHD_MD5_update,8.13,False,None,None
MHD_MD5_update,14.2,False,None,None
MHD_MD5_update,17.8,True,compile_failed,compile_failed
MHD_MD5_update,21.14,False,None,None
MHD_MD5_update,21.17,False,None,None
MHD_monotonic_sec_counter_init,1.2,False,None,None
MHD_monotonic_sec_counter_init,2.1,True,compile_failed,compile_failed
MHD_monotonic_sec_counter_init,2.2,True,compile_failed,compile_failed
MHD_monotonic_sec_counter_init,8.13,False,None,None
MHD_monotonic_sec_counter_init,14.2,False,None,None
MHD_monotonic_sec_counter_init,17.8,False,None,None
MHD_monotonic_sec_counter_init,21.14,False,None,None
MHD_monotonic_sec_counter_init,21.17,False,None,None
MHD_poll_listen_socket,1.2,False,None,None
MHD_poll_listen_socket,2.1,False,None,None
MHD_poll_listen_socket,2.2,True,compile_failed,compile_failed
MHD_poll_listen_socket,8.13,False,None,None
MHD_poll_listen_socket,14.2,False,None,None
MHD_poll_listen_socket,17.8,False,None,None
MHD_poll_listen_socket,21.14,False,None,None
MHD_poll_listen_socket,21.17,False,None,None
MHD_polling_thread,1.2,False,None,None
MHD_polling_thread,2.1,False,None,None
MHD_polling_thread,2.2,False,None,None
MHD_polling_thread,8.13,False,None,None
MHD_polling_thread,14.2,False,None,None
MHD_polling_thread,17.8,False,None,None
MHD_polling_thread,21.14,False,None,None
MHD_polling_thread,21.17,False,None,None
MHD_pool_create,1.2,False,None,None
MHD_pool_create,2.1,True,compile_failed,compile_failed
MHD_pool_create,2.2,False,None,None
MHD_pool_create,8.13,False,None,None
MHD_pool_create,14.2,False,None,None
MHD_pool_create,17.8,False,None,None
MHD_pool_create,21.14,False,None,None
MHD_pool_create,21.17,False,None,None
MHD_pool_reallocate,1.2,False,None,None
MHD_pool_reallocate,2.1,False,None,None
MHD_pool_reallocate,2.2,True,compile_failed,compile_failed
MHD_pool_reallocate,8.13,False,None,None
MHD_pool_reallocate,14.2,False,None,None
MHD_pool_reallocate,17.8,False,None,None
MHD_pool_reallocate,21.14,False,None,None
MHD_pool_reallocate,21.17,False,None,None
MHD_queue_basic_auth_required_response3,1.2,False,None,None
MHD_queue_basic_auth_required_response3,2.1,False,None,None
MHD_queue_basic_auth_required_response3,2.2,True,compile_failed,compile_failed
MHD_queue_basic_auth_required_response3,8.13,False,None,None
MHD_queue_basic_auth_required_response3,14.2,False,None,None
MHD_queue_basic_auth_required_response3,17.8,False,None,None
MHD_queue_basic_auth_required_response3,21.14,True,compile_failed,compile_failed
MHD_queue_basic_auth_required_response3,21.17,True,compile_failed,compile_failed
MHD_queue_response,1.2,True,compile_failed,compile_failed
MHD_queue_response,2.1,False,None,None
MHD_queue_response,2.2,False,None,None
MHD_queue_response,8.13,True,compile_failed,compile_failed
MHD_queue_response,14.2,False,None,None
MHD_queue_response,17.8,True,compile_failed,compile_failed
MHD_queue_response,21.14,False,None,None
MHD_queue_response,21.17,False,None,None
MHD_select,1.2,False,None,None
MHD_select,2.1,False,None,None
MHD_select,2.2,True,compile_failed,compile_failed
MHD_select,8.13,False,None,None
MHD_select,14.2,False,None,None
MHD_select,17.8,True,compile_failed,compile_failed
MHD_select,21.14,False,None,None
MHD_select,21.17,False,None,None
MHD_send_data_,1.2,False,None,None
MHD_send_data_,2.1,True,compile_failed,compile_failed
MHD_send_data_,2.2,False,None,None
MHD_send_data_,8.13,False,None,None
MHD_send_data_,14.2,False,None,None
MHD_send_data_,17.8,True,compile_failed,compile_failed
MHD_send_data_,21.14,False,None,None
MHD_send_data_,21.17,False,None,None
MHD_set_connection_value_n,1.2,True,compile_failed,compile_failed
MHD_set_connection_value_n,2.1,False,None,None
MHD_set_connection_value_n,2.2,False,None,None
MHD_set_connection_value_n,8.13,False,None,None
MHD_set_connection_value_n,14.2,False,None,None
MHD_set_connection_value_n,17.8,False,None,None
MHD_set_connection_value_n,21.14,False,None,None
MHD_set_connection_value_n,21.17,True,compile_failed,compile_failed
MHD_set_response_options,1.2,True,compile_failed,compile_failed
MHD_set_response_options,2.1,True,compile_failed,compile_failed
MHD_set_response_options,2.2,False,None,None
MHD_set_response_options,8.13,False,None,None
MHD_set_response_options,14.2,False,None,None
MHD_set_response_options,17.8,False,None,None
MHD_set_response_options,21.14,False,None,None
MHD_set_response_options,21.17,False,None,None
MHD_start_daemon_va,1.2,True,compile_failed,compile_failed
MHD_start_daemon_va,2.1,False,None,None
MHD_start_daemon_va,2.2,False,None,None
MHD_start_daemon_va,8.13,False,None,None
MHD_start_daemon_va,14.2,False,None,None
MHD_start_daemon_va,17.8,False,None,None
MHD_start_daemon_va,21.14,False,None,None
MHD_start_daemon_va,21.17,True,compile_failed,parse_failed
MHD_stop_daemon,1.2,False,None,None
MHD_stop_daemon,2.1,False,None,None
MHD_stop_daemon,2.2,False,None,None
MHD_stop_daemon,8.13,False,None,None
MHD_stop_daemon,14.2,False,None,None
MHD_stop_daemon,17.8,False,None,None
MHD_stop_daemon,21.14,False,None,None
MHD_stop_daemon,21.17,False,None,None
mhd_tool_get_proc_cpu_count,1.2,False,None,None
mhd_tool_get_proc_cpu_count,2.1,False,None,None
mhd_tool_get_proc_cpu_count,2.2,False,None,None
mhd_tool_get_proc_cpu_count,8.13,False,None,None
mhd_tool_get_proc_cpu_count,14.2,True,compile_failed,compile_failed
mhd_tool_get_proc_cpu_count,17.8,False,None,None
mhd_tool_get_proc_cpu_count,21.14,False,None,None
mhd_tool_get_proc_cpu_count,21.17,False,None,None
mhd_tool_get_proc_cpu_count_cpuset_getaffinity_,1.2,False,None,None
mhd_tool_get_proc_cpu_count_cpuset_getaffinity_,2.1,False,None,None
mhd_tool_get_proc_cpu_count_cpuset_getaffinity_,2.2,False,None,None
mhd_tool_get_proc_cpu_count_cpuset_getaffinity_,8.13,False,None,None
mhd_tool_get_proc_cpu_count_cpuset_getaffinity_,14.2,False,None,None
mhd_tool_get_proc_cpu_count_cpuset_getaffinity_,17.8,False,None,None
mhd_tool_get_proc_cpu_count_cpuset_getaffinity_,21.14,False,None,None
mhd_tool_get_proc_cpu_count_cpuset_getaffinity_,21.17,False,None,None
mhd_tool_get_proc_cpu_count_sched_getaffinity_np_,1.2,False,None,None
mhd_tool_get_proc_cpu_count_sched_getaffinity_np_,2.1,False,None,None
mhd_tool_get_proc_cpu_count_sched_getaffinity_np_,2.2,False,None,None
mhd_tool_get_proc_cpu_count_sched_getaffinity_np_,8.13,False,None,None
mhd_tool_get_proc_cpu_count_sched_getaffinity_np_,14.2,False,None,None
mhd_tool_get_proc_cpu_count_sched_getaffinity_np_,17.8,False,None,None
mhd_tool_get_proc_cpu_count_sched_getaffinity_np_,21.14,False,None,None
mhd_tool_get_proc_cpu_count_sched_getaffinity_np_,21.17,False,None,None
mhd_tool_get_sys_cpu_count_special_api_,1.2,False,None,None
mhd_tool_get_sys_cpu_count_special_api_,2.1,False,None,None
mhd_tool_get_sys_cpu_count_special_api_,2.2,False,None,None
mhd_tool_get_sys_cpu_count_special_api_,8.13,False,None,None
mhd_tool_get_sys_cpu_count_special_api_,14.2,True,compile_failed,compile_failed
mhd_tool_get_sys_cpu_count_special_api_,17.8,False,None,None
mhd_tool_get_sys_cpu_count_special_api_,21.14,False,None,None
mhd_tool_get_sys_cpu_count_special_api_,21.17,False,None,None
mhd_tool_get_sys_cpu_count_sysconf_,1.2,False,None,None
mhd_tool_get_sys_cpu_count_sysconf_,2.1,False,None,None
mhd_tool_get_sys_cpu_count_sysconf_,2.2,False,None,None
mhd_tool_get_sys_cpu_count_sysconf_,8.13,False,None,None
mhd_tool_get_sys_cpu_count_sysconf_,14.2,False,None,None
mhd_tool_get_sys_cpu_count_sysconf_,17.8,False,None,None
mhd_tool_get_sys_cpu_count_sysconf_,21.14,False,None,None
mhd_tool_get_sys_cpu_count_sysconf_,21.17,False,None,None
mhd_tool_get_sys_cpu_count_sysconf_fallback_,1.2,False,None,None
mhd_tool_get_sys_cpu_count_sysconf_fallback_,2.1,False,None,None
mhd_tool_get_sys_cpu_count_sysconf_fallback_,2.2,False,None,None
mhd_tool_get_sys_cpu_count_sysconf_fallback_,8.13,False,None,None
mhd_tool_get_sys_cpu_count_sysconf_fallback_,14.2,False,None,None
mhd_tool_get_sys_cpu_count_sysconf_fallback_,17.8,False,None,None
mhd_tool_get_sys_cpu_count_sysconf_fallback_,21.14,False,None,None
mhd_tool_get_sys_cpu_count_sysconf_fallback_,21.17,False,None,None
mhd_tool_get_sys_cpu_count_sysctl_fallback_,1.2,False,None,None
mhd_tool_get_sys_cpu_count_sysctl_fallback_,2.1,False,None,None
mhd_tool_get_sys_cpu_count_sysctl_fallback_,2.2,False,None,None
mhd_tool_get_sys_cpu_count_sysctl_fallback_,8.13,False,None,None
mhd_tool_get_sys_cpu_count_sysctl_fallback_,14.2,False,None,None
mhd_tool_get_sys_cpu_count_sysctl_fallback_,17.8,False,None,None
mhd_tool_get_sys_cpu_count_sysctl_fallback_,21.14,False,None,None
mhd_tool_get_sys_cpu_count_sysctl_fallback_,21.17,False,None,None
mhd_tool_get_system_cpu_count,1.2,False,None,None
mhd_tool_get_system_cpu_count,2.1,False,None,None
mhd_tool_get_system_cpu_count,2.2,False,None,None
mhd_tool_get_system_cpu_count,8.13,False,None,None
mhd_tool_get_system_cpu_count,14.2,False,None,None
mhd_tool_get_system_cpu_count,17.8,False,None,None
mhd_tool_get_system_cpu_count,21.14,False,None,None
mhd_tool_get_system_cpu_count,21.17,False,None,None
not_found_page,1.2,False,None,None
not_found_page,2.1,False,None,None
not_found_page,2.2,True,compile_failed,compile_failed
not_found_page,8.13,False,None,None
not_found_page,14.2,False,None,None
not_found_page,17.8,False,None,None
not_found_page,21.14,True,compile_failed,compile_failed
not_found_page,21.17,False,None,None
parse_cookie_header,1.2,False,None,None
parse_cookie_header,2.1,False,None,None
parse_cookie_header,2.2,False,None,None
parse_cookie_header,8.13,False,None,None
parse_cookie_header,14.2,False,None,None
parse_cookie_header,17.8,False,None,None
parse_cookie_header,21.14,False,None,None
parse_cookie_header,21.17,False,None,None
parse_cookies_string,1.2,False,None,None
parse_cookies_string,2.1,False,None,None
parse_cookies_string,2.2,True,parse_failed,compile_failed
parse_cookies_string,8.13,False,None,None
parse_cookies_string,14.2,False,None,None
parse_cookies_string,17.8,False,None,None
parse_cookies_string,21.14,False,None,None
parse_cookies_string,21.17,False,None,None
parse_dauth_params,1.2,False,None,None
parse_dauth_params,2.1,False,None,None
parse_dauth_params,2.2,False,None,None
parse_dauth_params,8.13,True,parse_failed,parse_failed
parse_dauth_params,14.2,False,None,None
parse_dauth_params,17.8,False,None,None
parse_dauth_params,21.14,False,None,None
parse_dauth_params,21.17,False,None,None
parse_options,1.2,False,None,None
parse_options,2.1,True,compile_failed,compile_failed
parse_options,2.2,False,None,None
parse_options,8.13,True,compile_failed,compile_failed
parse_options,14.2,False,None,None
parse_options,17.8,False,None,None
parse_options,21.14,False,None,None
parse_options,21.17,True,compile_failed,compile_failed
post_iterator,1.2,False,None,None
post_iterator,2.1,False,None,None
post_iterator,2.2,True,compile_failed,compile_failed
post_iterator,8.13,True,compile_failed,compile_failed
post_iterator,14.2,False,None,None
post_iterator,17.8,True,compile_failed,compile_failed
post_iterator,21.14,False,None,None
post_iterator,21.17,False,None,None
post_process_multipart,1.2,False,None,None
post_process_multipart,2.1,False,None,None
post_process_multipart,2.2,False,None,None
post_process_multipart,8.13,False,None,None
post_process_multipart,14.2,False,None,None
post_process_multipart,17.8,False,None,None
post_process_multipart,21.14,True,compile_failed,compile_failed
post_process_multipart,21.17,False,None,None
post_process_urlencoded,1.2,False,None,None
post_process_urlencoded,2.1,True,compile_failed,compile_failed
post_process_urlencoded,2.2,False,None,None
post_process_urlencoded,8.13,False,None,None
post_process_urlencoded,14.2,False,None,None
post_process_urlencoded,17.8,False,None,None
post_process_urlencoded,21.14,False,None,None
post_process_urlencoded,21.17,False,None,None
print_perf_warnings,1.2,False,None,None
print_perf_warnings,2.1,False,None,None
print_perf_warnings,2.2,False,None,None
print_perf_warnings,8.13,False,None,None
print_perf_warnings,14.2,False,None,None
print_perf_warnings,17.8,False,None,None
print_perf_warnings,21.14,False,None,None
print_perf_warnings,21.17,False,None,None
process_upload_data,1.2,False,None,None
process_upload_data,2.1,False,None,None
process_upload_data,2.2,True,compile_failed,compile_failed
process_upload_data,8.13,False,None,None
process_upload_data,14.2,False,None,None
process_upload_data,17.8,False,None,None
process_upload_data,21.14,False,None,None
process_upload_data,21.17,False,None,None
process_value,1.2,False,None,None
process_value,2.1,True,compile_failed,compile_failed
process_value,2.2,False,None,None
process_value,8.13,False,None,None
process_value,14.2,True,compile_failed,compile_failed
process_value,17.8,True,compile_failed,compile_failed
process_value,21.14,False,None,None
process_value,21.17,True,compile_failed,compile_failed
process_value_to_boundary,1.2,False,None,None
process_value_to_boundary,2.1,False,None,None
process_value_to_boundary,2.2,True,compile_failed,compile_failed
process_value_to_boundary,8.13,False,None,None
process_value_to_boundary,14.2,False,None,None
process_value_to_boundary,17.8,False,None,None
process_value_to_boundary,21.14,False,None,None
process_value_to_boundary,21.17,False,None,None
queue_auth_required_response3_inner,1.2,False,None,None
WARNING: Classifier report does not exist: ../../output/20250808.08:12_gpt-5-mini-libmicrohttpd/analysis_results/queue_auth_required_response3_inner#71/2.1/classifier.json
queue_auth_required_response3_inner,2.2,True,compile_failed,compile_failed
queue_auth_required_response3_inner,8.13,False,None,None
queue_auth_required_response3_inner,14.2,False,None,None
queue_auth_required_response3_inner,17.8,True,compile_failed,compile_failed
queue_auth_required_response3_inner,21.14,False,None,None
queue_auth_required_response3_inner,21.17,False,None,None
run_usock,1.2,False,None,None
run_usock,2.1,False,None,None
run_usock,2.2,False,None,None
run_usock,8.13,False,None,None
run_usock,14.2,False,None,None
run_usock,17.8,False,None,None
run_usock,21.14,False,None,None
run_usock,21.17,False,None,None
send_bad_request,1.2,False,None,None
send_bad_request,2.1,False,None,None
send_bad_request,2.2,False,None,None
send_bad_request,8.13,False,None,None
send_bad_request,14.2,False,None,None
send_bad_request,17.8,False,None,None
send_bad_request,21.14,False,None,None
send_bad_request,21.17,False,None,None
send_iov_nontls,1.2,False,None,None
send_iov_nontls,2.1,False,None,None
send_iov_nontls,2.2,True,parse_failed,compile_failed
send_iov_nontls,8.13,False,None,None
send_iov_nontls,14.2,False,None,None
send_iov_nontls,17.8,True,parse_failed,compile_failed
send_iov_nontls,21.14,False,None,None
send_iov_nontls,21.17,False,None,None
serve_simple_form,1.2,False,None,None
serve_simple_form,2.1,False,None,None
serve_simple_form,2.2,False,None,None
serve_simple_form,8.13,False,None,None
serve_simple_form,14.2,False,None,None
serve_simple_form,17.8,False,None,None
serve_simple_form,21.14,False,None,None
serve_simple_form,21.17,True,compile_failed,compile_failed
serve_simple_form,1.2,False,None,None
serve_simple_form,2.1,False,None,None
serve_simple_form,2.2,False,None,None
serve_simple_form,8.13,False,None,None
serve_simple_form,14.2,False,None,None
serve_simple_form,17.8,False,None,None
serve_simple_form,21.14,True,compile_failed,compile_failed
serve_simple_form,21.17,True,compile_failed,compile_failed
SHA1ProcessMessageBlock,1.2,False,None,None
SHA1ProcessMessageBlock,2.1,False,None,None
SHA1ProcessMessageBlock,2.2,False,None,None
SHA1ProcessMessageBlock,8.13,False,None,None
SHA1ProcessMessageBlock,14.2,False,None,None
SHA1ProcessMessageBlock,17.8,False,None,None
SHA1ProcessMessageBlock,21.14,False,None,None
SHA1ProcessMessageBlock,21.17,False,None,None
thread_main_handle_connection,1.2,False,None,None
thread_main_handle_connection,2.1,False,None,None
thread_main_handle_connection,2.2,True,parse_failed,parse_failed
thread_main_handle_connection,8.13,False,None,None
thread_main_handle_connection,14.2,False,None,None
thread_main_handle_connection,17.8,False,None,None
thread_main_handle_connection,21.14,False,None,None
thread_main_handle_connection,21.17,False,None,None
try_get_value,1.2,False,None,None
try_get_value,2.1,False,None,None
try_get_value,2.2,False,None,None
try_get_value,8.13,False,None,None
try_get_value,14.2,False,None,None
try_get_value,17.8,False,None,None
try_get_value,21.14,False,None,None
try_get_value,21.17,False,None,None
try_ready_chunked_body,1.2,False,None,None
try_ready_chunked_body,2.1,True,compile_failed,compile_failed
try_ready_chunked_body,2.2,True,compile_failed,compile_failed
try_ready_chunked_body,8.13,False,None,None
try_ready_chunked_body,14.2,False,None,None
try_ready_chunked_body,17.8,False,None,None
try_ready_chunked_body,21.14,False,None,None
try_ready_chunked_body,21.17,False,None,None
try_ready_normal_body,1.2,False,None,None
try_ready_normal_body,2.1,False,None,None
try_ready_normal_body,2.2,False,None,None
try_ready_normal_body,8.13,True,compile_failed,compile_failed
try_ready_normal_body,14.2,False,None,None
try_ready_normal_body,17.8,False,None,None
try_ready_normal_body,21.14,False,None,None
try_ready_normal_body,21.17,True,compile_failed,compile_failed
update_directory,1.2,False,None,None
update_directory,2.1,False,None,None
update_directory,2.2,False,None,None
update_directory,8.13,False,None,None
update_directory,14.2,False,None,None
update_directory,17.8,False,None,None
update_directory,21.14,False,None,None
update_directory,21.17,False,None,None
ws_get_accept_value,1.2,False,None,None
ws_get_accept_value,2.1,False,None,None
ws_get_accept_value,2.2,False,None,None
ws_get_accept_value,8.13,False,None,None
ws_get_accept_value,14.2,False,None,None
ws_get_accept_value,17.8,False,None,None
ws_get_accept_value,21.14,False,None,None
ws_get_accept_value,21.17,False,None,None
ws_receive_frame,1.2,False,None,None
ws_receive_frame,2.1,False,None,None
ws_receive_frame,2.2,True,compile_failed,compile_failed
ws_receive_frame,8.13,True,compile_failed,compile_failed
ws_receive_frame,14.2,True,compile_failed,compile_failed
ws_receive_frame,17.8,False,None,None
ws_receive_frame,21.14,False,None,None
ws_receive_frame,21.17,False,None,None
