lfs_ctz_traverse#1,1.2,0,False,None
lfs_ctz_traverse#1,1.2,1,False,None
lfs_ctz_traverse#1,1.2,2,False,None
lfs_ctz_traverse#1,1.2,3,False,None
lfs_ctz_traverse#1,1.2,4,False,None
lfs_ctz_traverse#1,2.1,0,False,None
lfs_ctz_traverse#1,2.1,1,False,None
lfs_ctz_traverse#1,2.1,2,False,None
lfs_ctz_traverse#1,2.1,3,False,None
lfs_ctz_traverse#1,2.1,4,False,None
lfs_ctz_traverse#1,2.1,5,False,None
lfs_ctz_traverse#1,2.1,6,False,None
lfs_ctz_traverse#1,2.1,7,False,None
lfs_ctz_traverse#1,2.2,0,True,success
lfs_ctz_traverse#1,2.2,1,False,None
lfs_ctz_traverse#1,8.13,0,False,None
lfs_ctz_traverse#1,8.13,1,True,success
lfs_ctz_traverse#1,8.13,2,False,None
lfs_ctz_traverse#1,8.13,3,False,None
lfs_ctz_traverse#1,8.13,4,True,success
lfs_ctz_traverse#1,8.13,5,True,success
lfs_ctz_traverse#1,8.13,6,False,None
lfs_ctz_traverse#1,8.13,7,True,success
lfs_ctz_traverse#1,14.2,0,False,None
lfs_ctz_traverse#1,14.2,1,False,None
lfs_ctz_traverse#1,14.2,2,False,None
lfs_ctz_traverse#1,14.2,3,False,None
lfs_ctz_traverse#1,14.2,4,True,success
lfs_ctz_traverse#1,17.8,0,True,success
lfs_ctz_traverse#1,21.17,0,False,None
lfs_ctz_traverse#1,21.17,1,False,None
lfs_ctz_traverse#1,21.17,2,False,None
lfs_dir_close#3,1.2,0,False,None
lfs_dir_close#3,1.2,1,False,None
lfs_dir_close#3,1.2,2,False,None
lfs_dir_close#3,2.1,0,True,empty_test_log
lfs_dir_close#3,2.2,0,True,empty_test_log
lfs_dir_close#3,2.2,1,True,empty_test_log
lfs_dir_close#3,2.2,2,True,empty_test_log
lfs_dir_close#3,2.2,3,False,None
lfs_dir_close#3,8.13,0,False,None
lfs_dir_close#3,8.13,1,False,None
lfs_dir_close#3,8.13,2,False,None
lfs_dir_close#3,8.13,3,False,None
lfs_dir_close#3,8.13,4,False,None
lfs_dir_close#3,14.2,0,True,compile_failed
lfs_dir_close#3,14.2,1,True,compile_failed
lfs_dir_open#31,2.2,0,False,None
lfs_dir_open#31,2.2,1,True,empty_test_log
lfs_dir_open#31,2.2,2,False,None
lfs_dir_open#31,2.2,3,True,empty_test_log
lfs_dir_open#31,2.2,4,True,empty_test_log
lfs_dir_open#31,2.2,5,False,None
lfs_dir_open#31,2.2,6,True,empty_test_log
lfs_dir_open#31,2.2,7,False,None
lfs_dir_open#31,2.2,8,False,None
lfs_dir_open#31,2.2,9,False,None
lfs_dir_open#31,2.2,10,True,empty_test_log
lfs_dir_open#31,8.13,0,False,None
lfs_dir_open#31,8.13,1,True,empty_test_log
lfs_dir_open#31,8.13,2,False,None
lfs_dir_open#31,8.13,3,False,None
lfs_dir_open#31,8.13,4,False,None
lfs_dir_open#31,8.13,5,False,None
lfs_dir_open#31,14.2,0,False,None
lfs_dir_open#31,17.8,0,False,None
lfs_dir_open#31,17.8,1,True,empty_test_log
lfs_dir_open#31,21.14,0,True,empty_test_log
lfs_dir_open#31,21.14,1,True,empty_test_log
lfs_dir_open#31,21.14,2,True,empty_test_log
lfs_dir_open#31,21.14,3,False,None
lfs_dir_open#31,21.17,0,False,None
lfs_dir_open#31,21.17,1,True,empty_test_log
lfs_dir_open#31,21.17,2,False,None
lfs_dir_open#31,21.17,3,False,None
lfs_dir_open#31,21.17,4,False,None
lfs_dir_open#31,21.17,5,False,None
lfs_dir_open#31,21.17,6,False,None
lfs_dir_open#31,21.17,7,False,None
lfs_dir_read#32,1.2,0,False,None
lfs_dir_read#32,1.2,1,False,None
lfs_dir_read#32,2.1,0,True,compile_failed
lfs_dir_read#32,2.2,0,True,empty_test_log
lfs_dir_read#32,2.2,1,True,empty_test_log
lfs_dir_read#32,8.13,0,False,None
lfs_dir_read#32,8.13,1,False,None
lfs_dir_read#32,8.13,2,False,None
lfs_dir_read#32,21.17,0,True,empty_test_log
lfs_dir_read#32,21.17,1,True,empty_test_log
lfs_dir_read#32,21.17,2,True,compile_failed
lfs_dir_read#32,21.17,3,True,empty_test_log
lfs_dir_relocatingcommit#2,2.1,0,False,None
lfs_dir_relocatingcommit#2,2.1,1,False,None
lfs_dir_relocatingcommit#2,2.1,2,False,None
lfs_dir_relocatingcommit#2,2.2,0,False,None
lfs_dir_relocatingcommit#2,2.2,1,True,empty_test_log
lfs_dir_relocatingcommit#2,2.2,2,False,None
lfs_dir_relocatingcommit#2,2.2,3,False,None
lfs_dir_relocatingcommit#2,2.2,4,False,None
lfs_dir_relocatingcommit#2,2.2,5,False,None
lfs_dir_relocatingcommit#2,2.2,6,False,None
lfs_dir_relocatingcommit#2,8.13,0,False,None
lfs_dir_relocatingcommit#2,8.13,1,False,None
lfs_dir_relocatingcommit#2,8.13,2,True,compile_failed
lfs_dir_relocatingcommit#2,8.13,3,True,success
lfs_dir_relocatingcommit#2,8.13,4,False,None
lfs_dir_relocatingcommit#2,14.2,0,False,None
lfs_dir_relocatingcommit#2,14.2,1,False,None
lfs_dir_relocatingcommit#2,14.2,2,False,None
lfs_dir_relocatingcommit#2,21.17,0,False,None
lfs_dir_relocatingcommit#2,21.17,1,False,None
lfs_dir_relocatingcommit#2,21.17,2,False,None
lfs_dir_rewind#35,2.2,0,True,empty_test_log
lfs_dir_rewind#35,2.2,1,False,None
lfs_dir_rewind#35,2.2,2,True,empty_test_log
lfs_dir_rewind#35,2.2,3,True,empty_test_log
lfs_dir_rewind#35,2.2,4,True,empty_test_log
lfs_dir_rewind#35,2.2,5,False,None
lfs_dir_rewind#35,2.2,6,True,empty_test_log
lfs_dir_rewind#35,2.2,7,False,None
lfs_dir_rewind#35,8.13,0,False,None
lfs_dir_rewind#35,8.13,1,False,None
lfs_dir_rewind#35,8.13,2,False,None
lfs_dir_rewind#35,8.13,3,False,None
lfs_dir_rewind#35,8.13,4,False,None
lfs_dir_rewind#35,21.17,0,False,None
lfs_dir_rewind#35,21.17,1,False,None
lfs_dir_rewind#35,21.17,2,False,None
lfs_dir_rewind#35,21.17,3,False,None
lfs_dir_seek#33,2.1,0,True,empty_test_log
lfs_dir_seek#33,2.2,0,False,None
lfs_dir_seek#33,2.2,1,True,compile_failed
lfs_dir_seek#33,2.2,2,False,None
lfs_dir_seek#33,2.2,3,False,None
lfs_dir_seek#33,2.2,4,True,empty_test_log
lfs_dir_seek#33,2.2,5,True,empty_test_log
lfs_dir_seek#33,2.2,6,True,empty_test_log
lfs_dir_seek#33,2.2,7,True,empty_test_log
lfs_dir_seek#33,8.13,0,False,None
lfs_dir_seek#33,8.13,1,False,None
lfs_dir_seek#33,8.13,2,False,None
lfs_dir_seek#33,8.13,3,False,None
lfs_dir_seek#33,8.13,4,False,None
lfs_dir_seek#33,8.13,5,False,None
lfs_dir_seek#33,8.13,6,False,None
lfs_dir_seek#33,8.13,7,False,None
lfs_dir_seek#33,17.8,0,False,None
lfs_dir_seek#33,17.8,1,False,None
lfs_dir_seek#33,17.8,2,False,None
lfs_dir_seek#33,17.8,3,True,empty_test_log
lfs_dir_seek#33,17.8,4,True,empty_test_log
lfs_dir_seek#33,17.8,5,True,empty_test_log
lfs_dir_seek#33,17.8,6,False,None
lfs_dir_seek#33,17.8,7,False,None
lfs_dir_seek#33,17.8,8,True,empty_test_log
lfs_dir_seek#33,17.8,9,True,empty_test_log
lfs_dir_seek#33,17.8,10,False,None
lfs_dir_seek#33,17.8,11,True,compile_failed
lfs_dir_seek#33,17.8,12,True,empty_test_log
lfs_dir_seek#33,17.8,13,True,empty_test_log
lfs_dir_seek#33,17.8,14,True,empty_test_log
lfs_dir_seek#33,17.8,15,False,None
lfs_dir_seek#33,17.8,16,False,None
lfs_dir_seek#33,17.8,17,False,None
lfs_dir_seek#33,17.8,18,False,None
lfs_dir_tell#34,2.1,0,True,empty_test_log
lfs_dir_tell#34,2.2,0,False,None
lfs_dir_tell#34,2.2,1,True,empty_test_log
lfs_dir_tell#34,2.2,2,False,None
lfs_dir_tell#34,2.2,3,True,empty_test_log
lfs_dir_tell#34,2.2,4,True,empty_test_log
lfs_dir_tell#34,2.2,5,True,compile_failed
lfs_dir_tell#34,2.2,6,True,empty_test_log
lfs_dir_tell#34,2.2,7,False,None
lfs_dir_tell#34,2.2,8,True,empty_test_log
lfs_dir_tell#34,8.13,0,True,empty_test_log
lfs_dir_tell#34,8.13,1,True,empty_test_log
lfs_dir_tell#34,8.13,2,True,empty_test_log
lfs_dir_tell#34,8.13,3,True,empty_test_log
lfs_dir_tell#34,8.13,4,False,None
lfs_dir_tell#34,14.2,0,False,None
lfs_dir_tell#34,14.2,1,False,None
lfs_dir_tell#34,14.2,2,False,None
lfs_dir_tell#34,14.2,3,False,None
lfs_dir_tell#34,14.2,4,False,None
lfs_dir_traverse#0,1.2,0,False,None
lfs_dir_traverse#0,1.2,1,False,None
lfs_dir_traverse#0,1.2,2,False,None
lfs_dir_traverse#0,1.2,3,False,None
lfs_dir_traverse#0,1.2,4,False,None
lfs_dir_traverse#0,1.2,5,False,None
lfs_dir_traverse#0,2.1,0,False,None
lfs_dir_traverse#0,2.1,1,False,None
lfs_dir_traverse#0,2.1,2,False,None
lfs_dir_traverse#0,2.1,3,False,None
lfs_dir_traverse#0,2.1,4,False,None
lfs_dir_traverse#0,2.1,5,False,None
lfs_dir_traverse#0,2.1,6,False,None
lfs_dir_traverse#0,2.2,0,True,empty_test_log
lfs_dir_traverse#0,2.2,1,False,None
lfs_dir_traverse#0,2.2,2,False,None
lfs_dir_traverse#0,2.2,3,False,None
lfs_dir_traverse#0,2.2,4,False,None
lfs_dir_traverse#0,2.2,5,False,None
lfs_dir_traverse#0,2.2,6,False,None
lfs_dir_traverse#0,2.2,7,False,None
lfs_dir_traverse#0,8.13,0,True,success
lfs_dir_traverse#0,8.13,1,False,None
lfs_dir_traverse#0,14.2,0,False,None
lfs_dir_traverse#0,14.2,1,False,None
lfs_dir_traverse#0,14.2,2,False,None
lfs_dir_traverse#0,17.8,0,True,success
lfs_dir_traverse#0,17.8,1,True,success
lfs_dir_traverse#0,17.8,2,True,success
lfs_dir_traverse#0,17.8,3,True,success
lfs_dir_traverse#0,17.8,4,True,success
lfs_dir_traverse#0,17.8,5,True,success
lfs_dir_traverse#0,17.8,6,True,success
lfs_dir_traverse#0,17.8,7,True,success
lfs_dir_traverse#0,17.8,8,True,success
lfs_dir_traverse#0,17.8,9,True,success
lfs_dir_traverse#0,17.8,10,True,success
lfs_dir_traverse#0,17.8,11,True,success
lfs_dir_traverse#0,17.8,12,True,success
lfs_dir_traverse#0,17.8,13,True,success
lfs_dir_traverse#0,17.8,14,True,success
lfs_dir_traverse#0,17.8,15,True,success
lfs_dir_traverse#0,17.8,16,True,success
lfs_dir_traverse#0,17.8,17,True,success
lfs_dir_traverse#0,17.8,18,True,success
lfs_dir_traverse#0,17.8,19,True,success
lfs_dir_traverse#0,17.8,20,True,success
lfs_dir_traverse#0,17.8,21,True,success
lfs_dir_traverse#0,17.8,22,True,compile_failed
lfs_dir_traverse#0,17.8,23,True,success
lfs_dir_traverse#0,17.8,24,True,success
lfs_dir_traverse#0,17.8,25,True,success
lfs_dir_traverse#0,17.8,26,True,success
lfs_dir_traverse#0,17.8,27,True,success
lfs_dir_traverse#0,17.8,28,True,success
lfs_dir_traverse#0,17.8,29,True,success
lfs_dir_traverse#0,17.8,30,True,success
lfs_dir_traverse#0,17.8,31,True,success
lfs_dir_traverse#0,17.8,32,True,success
lfs_dir_traverse#0,21.17,0,False,None
lfs_dir_traverse#0,21.17,1,False,None
lfs_file_close#19,2.1,0,True,success
lfs_file_close#19,2.1,1,True,success
lfs_file_close#19,2.2,0,False,None
lfs_file_close#19,2.2,1,False,None
lfs_file_close#19,2.2,2,True,empty_test_log
lfs_file_close#19,2.2,3,True,success
lfs_file_close#19,2.2,4,False,None
lfs_file_close#19,8.13,0,False,None
lfs_file_close#19,8.13,1,False,None
lfs_file_close#19,8.13,2,True,empty_test_log
lfs_file_close#19,8.13,3,False,None
lfs_file_close#19,8.13,4,False,None
lfs_file_close#19,8.13,5,False,None
lfs_file_close#19,14.2,0,True,success
lfs_file_close#19,14.2,1,False,None
lfs_file_close#19,21.17,0,False,None
lfs_file_close#19,21.17,1,False,None
lfs_file_close#19,21.17,2,False,None
lfs_file_close#19,21.17,3,False,None
lfs_file_close#19,21.17,4,False,None
lfs_file_close#19,21.17,5,False,None
lfs_file_close#19,21.17,6,False,None
lfs_file_open#4,1.2,0,False,None
lfs_file_open#4,1.2,1,False,None
lfs_file_open#4,1.2,2,False,None
lfs_file_open#4,1.2,3,False,None
lfs_file_open#4,1.2,4,False,None
lfs_file_open#4,1.2,5,False,None
lfs_file_open#4,1.2,6,False,None
lfs_file_open#4,2.1,0,True,success
lfs_file_open#4,2.1,1,False,None
lfs_file_open#4,2.2,0,False,None
lfs_file_open#4,2.2,1,True,success
lfs_file_open#4,2.2,2,False,None
lfs_file_open#4,2.2,3,True,compile_failed
lfs_file_open#4,2.2,4,True,success
lfs_file_open#4,8.13,0,False,None
lfs_file_open#4,8.13,1,True,success
lfs_file_open#4,8.13,2,True,success
lfs_file_open#4,14.2,0,False,None
lfs_file_open#4,14.2,1,False,None
lfs_file_open#4,21.17,0,False,None
lfs_file_open#4,21.17,1,False,None
lfs_file_open#4,21.17,2,False,None
lfs_file_open#4,21.17,3,True,success
lfs_file_open#4,21.17,4,False,None
lfs_file_open#4,21.17,5,True,empty_test_log
lfs_file_open#4,21.17,6,True,success
lfs_file_open#4,21.17,7,False,None
lfs_file_open#4,21.17,8,False,None
lfs_file_open#4,21.17,9,True,success
lfs_file_opencfg#26,2.1,0,False,None
lfs_file_opencfg#26,2.1,1,False,None
lfs_file_opencfg#26,2.1,2,False,None
lfs_file_opencfg#26,2.1,3,True,empty_test_log
lfs_file_opencfg#26,2.1,4,False,None
lfs_file_opencfg#26,2.2,0,False,None
lfs_file_opencfg#26,2.2,1,True,empty_test_log
lfs_file_opencfg#26,8.13,0,True,empty_test_log
lfs_file_opencfg#26,8.13,1,True,empty_test_log
lfs_file_opencfg#26,8.13,2,False,None
lfs_file_opencfg#26,8.13,3,True,empty_test_log
lfs_file_opencfg#26,8.13,4,False,None
lfs_file_opencfg#26,8.13,5,False,None
lfs_file_opencfg#26,14.2,0,False,None
lfs_file_opencfg#26,14.2,1,False,None
lfs_file_opencfg#26,17.8,0,True,empty_test_log
lfs_file_opencfg#26,17.8,1,False,None
lfs_file_opencfg#26,21.14,0,True,compile_failed
lfs_file_opencfg#26,21.14,1,True,empty_test_log
lfs_file_opencfg#26,21.14,2,False,None
lfs_file_opencfg#26,21.17,0,True,empty_test_log
lfs_file_opencfg#26,21.17,1,False,None
lfs_file_opencfg#26,21.17,2,False,None
lfs_file_opencfg#26,21.17,3,False,None
lfs_file_opencfg#26,21.17,4,True,empty_test_log
lfs_file_read#6,1.2,0,False,None
lfs_file_read#6,1.2,1,False,None
lfs_file_read#6,1.2,2,False,None
lfs_file_read#6,2.1,0,True,success
lfs_file_read#6,2.2,0,False,None
lfs_file_read#6,2.2,1,False,None
lfs_file_read#6,2.2,2,True,success
lfs_file_read#6,2.2,3,True,success
lfs_file_read#6,2.2,4,True,success
lfs_file_read#6,8.13,0,True,success
lfs_file_read#6,17.8,0,False,None
lfs_file_read#6,17.8,1,False,None
lfs_file_read#6,17.8,2,False,None
lfs_file_read#6,17.8,3,False,None
lfs_file_rewind#16,1.2,0,False,None
lfs_file_rewind#16,1.2,1,False,None
lfs_file_rewind#16,1.2,2,False,None
lfs_file_rewind#16,1.2,3,True,compile_failed
lfs_file_rewind#16,1.2,4,False,None
lfs_file_rewind#16,2.1,0,True,empty_test_log
lfs_file_rewind#16,2.1,1,True,empty_test_log
lfs_file_rewind#16,2.2,0,False,None
lfs_file_rewind#16,2.2,1,False,None
lfs_file_rewind#16,2.2,2,True,empty_test_log
lfs_file_rewind#16,2.2,3,True,empty_test_log
lfs_file_rewind#16,2.2,4,True,empty_test_log
lfs_file_rewind#16,2.2,5,False,None
lfs_file_rewind#16,2.2,6,True,empty_test_log
lfs_file_rewind#16,2.2,7,False,None
lfs_file_rewind#16,8.13,0,False,None
lfs_file_rewind#16,8.13,1,False,None
lfs_file_rewind#16,8.13,2,False,None
lfs_file_rewind#16,8.13,3,False,None
lfs_file_rewind#16,8.13,4,False,None
lfs_file_rewind#16,14.2,0,False,None
lfs_file_rewind#16,14.2,1,False,None
lfs_file_rewind#16,14.2,2,False,None
lfs_file_rewind#16,14.2,3,False,None
lfs_file_rewind#16,14.2,4,False,None
lfs_file_rewind#16,14.2,5,False,None
lfs_file_rewind#16,14.2,6,False,None
lfs_file_rewind#16,14.2,7,False,None
lfs_file_rewind#16,21.17,0,False,None
lfs_file_rewind#16,21.17,1,False,None
lfs_file_rewind#16,21.17,2,False,None
lfs_file_rewind#16,21.17,3,False,None
lfs_file_seek#7,1.2,0,False,None
lfs_file_seek#7,1.2,1,False,None
lfs_file_seek#7,1.2,2,False,None
lfs_file_seek#7,1.2,3,False,None
lfs_file_seek#7,1.2,4,False,None
lfs_file_seek#7,1.2,5,False,None
lfs_file_seek#7,2.1,0,True,compile_failed
lfs_file_seek#7,2.2,0,True,empty_test_log
lfs_file_seek#7,2.2,1,True,empty_test_log
lfs_file_seek#7,2.2,2,False,None
lfs_file_seek#7,2.2,3,True,empty_test_log
lfs_file_seek#7,2.2,4,False,None
lfs_file_seek#7,2.2,5,True,compile_failed
lfs_file_seek#7,2.2,6,True,compile_failed
lfs_file_seek#7,2.2,7,False,None
lfs_file_seek#7,2.2,8,False,None
lfs_file_seek#7,2.2,9,True,empty_test_log
lfs_file_seek#7,8.13,0,False,None
lfs_file_seek#7,8.13,1,False,None
lfs_file_seek#7,8.13,2,True,empty_test_log
lfs_file_seek#7,8.13,3,False,None
lfs_file_seek#7,8.13,4,False,None
lfs_file_seek#7,8.13,5,False,None
lfs_file_seek#7,14.2,0,False,None
lfs_file_size#5,2.1,0,True,compile_failed
lfs_file_size#5,2.1,1,True,empty_test_log
lfs_file_size#5,2.1,2,True,compile_failed
lfs_file_size#5,2.2,0,False,None
lfs_file_size#5,2.2,1,True,empty_test_log
lfs_file_size#5,2.2,2,False,None
lfs_file_size#5,2.2,3,False,None
lfs_file_size#5,2.2,4,False,None
lfs_file_size#5,2.2,5,True,empty_test_log
lfs_file_size#5,2.2,6,True,empty_test_log
lfs_file_size#5,2.2,7,False,None
lfs_file_size#5,2.2,8,True,empty_test_log
lfs_file_size#5,2.2,9,False,None
lfs_file_size#5,2.2,10,True,compile_failed
lfs_file_size#5,8.13,0,False,None
lfs_file_size#5,8.13,1,True,empty_test_log
lfs_file_size#5,8.13,2,False,None
lfs_file_size#5,8.13,3,True,empty_test_log
lfs_file_size#5,14.2,0,False,None
lfs_file_size#5,17.8,0,False,None
lfs_file_size#5,17.8,1,False,None
lfs_file_sync#8,2.1,0,True,empty_test_log
lfs_file_sync#8,2.1,1,True,empty_test_log
lfs_file_sync#8,2.2,0,True,empty_test_log
lfs_file_sync#8,2.2,1,True,compile_failed
lfs_file_sync#8,2.2,2,True,empty_test_log
lfs_file_sync#8,2.2,3,True,empty_test_log
lfs_file_sync#8,2.2,4,True,compile_failed
lfs_file_sync#8,2.2,5,True,empty_test_log
lfs_file_sync#8,2.2,6,True,empty_test_log
lfs_file_sync#8,2.2,7,False,None
lfs_file_sync#8,2.2,8,False,None
lfs_file_sync#8,2.2,9,True,empty_test_log
lfs_file_sync#8,8.13,0,True,empty_test_log
lfs_file_sync#8,8.13,1,True,empty_test_log
lfs_file_sync#8,8.13,2,True,compile_failed
lfs_file_sync#8,8.13,3,True,empty_test_log
lfs_file_tell#9,2.1,0,True,empty_test_log
lfs_file_tell#9,2.1,1,True,empty_test_log
lfs_file_tell#9,2.2,0,False,None
lfs_file_tell#9,2.2,1,False,None
lfs_file_tell#9,2.2,2,False,None
lfs_file_tell#9,2.2,3,False,None
lfs_file_tell#9,2.2,4,False,None
lfs_file_tell#9,2.2,5,False,None
lfs_file_tell#9,8.13,0,False,None
lfs_file_tell#9,8.13,1,True,empty_test_log
lfs_file_tell#9,8.13,2,False,None
lfs_file_tell#9,8.13,3,False,None
lfs_file_tell#9,8.13,4,False,None
lfs_file_tell#9,8.13,5,False,None
lfs_file_tell#9,14.2,0,False,None
lfs_file_truncate#17,2.1,0,True,empty_test_log
lfs_file_truncate#17,2.1,1,False,None
lfs_file_truncate#17,2.1,2,False,None
lfs_file_truncate#17,2.1,3,True,empty_test_log
lfs_file_truncate#17,2.1,4,False,None
lfs_file_truncate#17,2.2,0,True,compile_failed
lfs_file_truncate#17,2.2,1,True,empty_test_log
lfs_file_truncate#17,2.2,2,True,compile_failed
lfs_file_truncate#17,2.2,3,True,empty_test_log
lfs_file_truncate#17,2.2,4,True,empty_test_log
lfs_file_truncate#17,2.2,5,True,empty_test_log
lfs_file_truncate#17,2.2,6,True,empty_test_log
lfs_file_truncate#17,2.2,7,False,None
lfs_file_truncate#17,2.2,8,False,None
lfs_file_truncate#17,2.2,9,False,None
lfs_file_truncate#17,8.13,0,True,empty_test_log
lfs_file_truncate#17,8.13,1,True,empty_test_log
lfs_file_truncate#17,8.13,2,False,None
lfs_file_truncate#17,8.13,3,False,None
lfs_file_truncate#17,8.13,4,True,empty_test_log
lfs_file_truncate#17,14.2,0,False,None
lfs_file_truncate#17,21.17,0,False,None
lfs_file_write#18,1.2,0,False,None
lfs_file_write#18,1.2,1,False,None
lfs_file_write#18,1.2,2,False,None
lfs_file_write#18,1.2,3,False,None
lfs_file_write#18,1.2,4,False,None
lfs_file_write#18,1.2,5,False,None
lfs_file_write#18,1.2,6,False,None
lfs_file_write#18,1.2,7,False,None
lfs_file_write#18,2.1,0,True,empty_test_log
lfs_file_write#18,2.1,1,True,success
lfs_file_write#18,2.2,0,True,empty_test_log
lfs_file_write#18,2.2,1,False,None
lfs_file_write#18,2.2,2,True,success
lfs_file_write#18,2.2,3,True,success
lfs_file_write#18,2.2,4,False,None
lfs_file_write#18,2.2,5,False,None
lfs_file_write#18,2.2,6,True,success
lfs_file_write#18,8.13,0,False,None
lfs_file_write#18,8.13,1,False,None
lfs_file_write#18,8.13,2,True,success
lfs_file_write#18,8.13,3,False,None
lfs_file_write#18,8.13,4,False,None
lfs_file_write#18,14.2,0,False,None
lfs_file_write#18,21.17,0,False,None
lfs_file_write#18,21.17,1,False,None
lfs_file_write#18,21.17,2,False,None
lfs_file_write#18,21.17,3,False,None
lfs_file_write#18,21.17,4,False,None
lfs_file_write#18,21.17,5,False,None
lfs_file_write#18,21.17,6,False,None
lfs_file_write#18,21.17,7,False,None
lfs_file_write#18,21.17,8,False,None
lfs_file_write#18,21.17,9,True,compile_failed
lfs_file_write#18,21.17,10,False,None
lfs_file_write#18,21.17,11,False,None
lfs_file_write#18,21.17,12,False,None
lfs_file_write#18,21.17,13,False,None
lfs_format#13,2.1,0,True,success
lfs_format#13,2.1,1,False,None
lfs_format#13,2.1,2,False,None
lfs_format#13,2.1,3,False,None
lfs_format#13,2.2,0,True,empty_test_log
lfs_format#13,2.2,1,False,None
lfs_format#13,2.2,2,False,None
lfs_format#13,2.2,3,True,success
lfs_format#13,2.2,4,True,success
lfs_format#13,2.2,5,False,None
lfs_format#13,2.2,6,True,success
lfs_format#13,2.2,7,True,success
lfs_format#13,8.13,0,True,empty_test_log
lfs_format#13,8.13,1,False,None
lfs_format#13,8.13,2,True,success
lfs_format#13,8.13,3,False,None
lfs_format#13,8.13,4,False,None
lfs_format#13,8.13,5,False,None
lfs_format#13,8.13,6,False,None
lfs_format#13,8.13,7,False,None
lfs_format#13,8.13,8,True,success
lfs_format#13,8.13,9,True,success
lfs_format#13,21.17,0,False,None
lfs_format#13,21.17,1,True,empty_test_log
lfs_format#13,21.17,2,True,success
lfs_format#13,21.17,3,False,None
lfs_format#13,21.17,4,False,None
lfs_format#13,21.17,5,True,parse_failed
lfs_format#13,21.17,6,False,None
lfs_fs_gc#29,2.1,0,True,empty_test_log
lfs_fs_gc#29,2.2,0,False,None
lfs_fs_gc#29,2.2,1,True,compile_failed
lfs_fs_gc#29,2.2,2,True,success
lfs_fs_gc#29,2.2,3,True,success
lfs_fs_gc#29,2.2,4,False,None
lfs_fs_gc#29,2.2,5,False,None
lfs_fs_gc#29,2.2,6,False,None
lfs_fs_gc#29,2.2,7,False,None
lfs_fs_gc#29,21.17,0,False,None
lfs_fs_grow#24,2.1,0,True,empty_test_log
lfs_fs_grow#24,2.1,1,True,empty_test_log
lfs_fs_grow#24,2.2,0,True,empty_test_log
lfs_fs_grow#24,2.2,1,False,None
lfs_fs_grow#24,2.2,2,True,empty_test_log
lfs_fs_grow#24,2.2,3,True,empty_test_log
lfs_fs_grow#24,2.2,4,True,empty_test_log
lfs_fs_grow#24,2.2,5,False,None
lfs_fs_grow#24,2.2,6,False,None
lfs_fs_grow#24,8.13,0,False,None
lfs_fs_grow#24,8.13,1,False,None
lfs_fs_grow#24,8.13,2,False,None
lfs_fs_grow#24,8.13,3,False,None
lfs_fs_grow#24,8.13,4,False,None
lfs_fs_grow#24,17.8,0,True,empty_test_log
lfs_fs_grow#24,17.8,1,True,empty_test_log
lfs_fs_grow#24,21.17,0,False,None
lfs_fs_grow#24,21.17,1,False,None
lfs_fs_grow#24,21.17,2,False,None
lfs_fs_grow#24,21.17,3,False,None
lfs_fs_grow#24,21.17,4,False,None
lfs_fs_grow#24,21.17,5,False,None
lfs_fs_grow#24,21.17,6,False,None
lfs_fs_mkconsistent#11,2.1,0,True,empty_test_log
lfs_fs_mkconsistent#11,2.1,1,True,empty_test_log
lfs_fs_mkconsistent#11,2.2,0,False,None
lfs_fs_mkconsistent#11,2.2,1,True,empty_test_log
lfs_fs_mkconsistent#11,2.2,2,False,None
lfs_fs_mkconsistent#11,2.2,3,True,empty_test_log
lfs_fs_mkconsistent#11,2.2,4,False,None
lfs_fs_mkconsistent#11,2.2,5,True,empty_test_log
lfs_fs_mkconsistent#11,2.2,6,True,empty_test_log
lfs_fs_mkconsistent#11,2.2,7,True,empty_test_log
lfs_fs_mkconsistent#11,8.13,0,False,None
lfs_fs_mkconsistent#11,8.13,1,False,None
lfs_fs_mkconsistent#11,8.13,2,False,None
lfs_fs_mkconsistent#11,8.13,3,False,None
lfs_fs_mkconsistent#11,8.13,4,True,empty_test_log
lfs_fs_mkconsistent#11,8.13,5,False,None
lfs_fs_mkconsistent#11,8.13,6,False,None
lfs_fs_mkconsistent#11,8.13,7,False,None
lfs_fs_mkconsistent#11,8.13,8,False,None
lfs_fs_mkconsistent#11,8.13,9,False,None
lfs_fs_mkconsistent#11,8.13,10,False,None
lfs_fs_mkconsistent#11,21.17,0,False,None
lfs_fs_mkconsistent#11,21.17,1,False,None
lfs_fs_mkconsistent#11,21.17,2,False,None
lfs_fs_mkconsistent#11,21.17,3,False,None
lfs_fs_mkconsistent#11,21.17,4,False,None
lfs_fs_mkconsistent#11,21.17,5,False,None
lfs_fs_mkconsistent#11,21.17,6,False,None
lfs_fs_mkconsistent#11,21.17,7,False,None
lfs_fs_mkconsistent#11,21.17,8,False,None
lfs_fs_mkconsistent#11,21.17,9,False,None
lfs_fs_mkconsistent#11,21.17,10,False,None
lfs_fs_size#22,2.1,0,True,empty_test_log
lfs_fs_size#22,2.2,0,True,empty_test_log
lfs_fs_size#22,2.2,1,False,None
lfs_fs_size#22,2.2,2,True,empty_test_log
lfs_fs_size#22,2.2,3,True,empty_test_log
lfs_fs_size#22,2.2,4,True,empty_test_log
lfs_fs_size#22,2.2,5,True,empty_test_log
lfs_fs_size#22,2.2,6,False,None
lfs_fs_size#22,8.13,0,False,None
lfs_fs_size#22,8.13,1,True,empty_test_log
lfs_fs_size#22,8.13,2,False,None
lfs_fs_size#22,8.13,3,False,None
lfs_fs_size#22,8.13,4,False,None
lfs_fs_size#22,14.2,0,False,None
lfs_fs_size#22,14.2,1,False,None
lfs_fs_size#22,14.2,2,False,None
lfs_fs_size#22,14.2,3,False,None
lfs_fs_stat#23,2.1,0,True,empty_test_log
lfs_fs_stat#23,2.2,0,False,None
lfs_fs_stat#23,2.2,1,True,empty_test_log
lfs_fs_stat#23,2.2,2,True,empty_test_log
lfs_fs_stat#23,2.2,3,True,empty_test_log
lfs_fs_stat#23,2.2,4,False,None
lfs_fs_stat#23,8.13,0,False,None
lfs_fs_stat#23,8.13,1,False,None
lfs_fs_stat#23,8.13,2,False,None
lfs_fs_stat#23,8.13,3,False,None
lfs_fs_stat#23,8.13,4,True,empty_test_log
lfs_fs_stat#23,21.17,0,False,None
lfs_fs_stat#23,21.17,1,False,None
lfs_fs_stat#23,21.17,2,False,None
lfs_fs_traverse#10,2.1,0,True,empty_test_log
lfs_fs_traverse#10,2.2,0,True,empty_test_log
lfs_fs_traverse#10,2.2,1,True,empty_test_log
lfs_fs_traverse#10,2.2,2,False,None
lfs_fs_traverse#10,2.2,3,False,None
lfs_fs_traverse#10,2.2,4,True,empty_test_log
lfs_fs_traverse#10,2.2,5,True,empty_test_log
lfs_fs_traverse#10,2.2,6,True,empty_test_log
lfs_fs_traverse#10,2.2,7,False,None
lfs_fs_traverse#10,2.2,8,True,empty_test_log
lfs_fs_traverse#10,8.13,0,False,None
lfs_fs_traverse#10,8.13,1,False,None
lfs_fs_traverse#10,8.13,2,False,None
lfs_fs_traverse#10,14.2,0,False,None
lfs_fs_traverse#10,14.2,1,False,None
lfs_fs_traverse#10,14.2,2,False,None
lfs_fs_traverse#10,14.2,3,False,None
lfs_fs_traverse#10,14.2,4,False,None
lfs_fs_traverse#10,21.17,0,False,None
lfs_fs_traverse#10,21.17,1,False,None
lfs_fs_traverse#10,21.17,2,False,None
lfs_fs_traverse#10,21.17,3,False,None
lfs_fs_traverse#10,21.17,4,False,None
lfs_fs_traverse#10,21.17,5,False,None
lfs_fs_traverse#10,21.17,6,False,None
lfs_getattr#25,2.1,0,True,empty_test_log
lfs_getattr#25,2.2,0,True,empty_test_log
lfs_getattr#25,2.2,1,True,empty_test_log
lfs_getattr#25,2.2,2,True,empty_test_log
lfs_getattr#25,2.2,3,True,empty_test_log
lfs_getattr#25,2.2,4,False,None
lfs_getattr#25,2.2,5,False,None
lfs_getattr#25,2.2,6,False,None
lfs_getattr#25,2.2,7,False,None
lfs_getattr#25,8.13,0,False,None
lfs_getattr#25,8.13,1,False,None
lfs_getattr#25,8.13,2,False,None
lfs_getattr#25,8.13,3,False,None
lfs_getattr#25,8.13,4,False,None
lfs_getattr#25,8.13,5,False,None
lfs_getattr#25,17.8,0,True,empty_test_log
lfs_getattr#25,21.14,0,False,None
lfs_getattr#25,21.14,1,False,None
lfs_getattr#25,21.14,2,False,None
lfs_getattr#25,21.14,3,True,empty_test_log
lfs_getattr#25,21.17,0,True,empty_test_log
lfs_getattr#25,21.17,1,True,compile_failed
lfs_getattr#25,21.17,2,False,None
lfs_getattr#25,21.17,3,False,None
lfs_getattr#25,21.17,4,False,None
lfs_getattr#25,21.17,5,False,None
lfs_getattr#25,21.17,6,False,None
lfs_getattr#25,21.17,7,False,None
lfs_mkdir#28,2.1,0,False,None
lfs_mkdir#28,2.1,1,False,None
lfs_mkdir#28,2.2,0,False,None
lfs_mkdir#28,2.2,1,False,None
lfs_mkdir#28,2.2,2,False,None
lfs_mkdir#28,2.2,3,False,None
lfs_mkdir#28,2.2,4,False,None
lfs_mkdir#28,2.2,5,False,None
lfs_mkdir#28,2.2,6,False,None
lfs_mkdir#28,2.2,7,False,None
lfs_mkdir#28,2.2,8,False,None
lfs_mkdir#28,2.2,9,False,None
lfs_mkdir#28,2.2,10,False,None
lfs_mkdir#28,2.2,11,False,None
lfs_mkdir#28,2.2,12,False,None
lfs_mkdir#28,2.2,13,False,None
lfs_mkdir#28,2.2,14,False,None
lfs_mkdir#28,2.2,15,False,None
lfs_mkdir#28,2.2,16,False,None
lfs_mkdir#28,2.2,17,False,None
lfs_mkdir#28,2.2,18,False,None
lfs_mkdir#28,2.2,19,False,None
lfs_mkdir#28,8.13,0,True,empty_test_log
lfs_mkdir#28,8.13,1,False,None
lfs_mkdir#28,8.13,2,False,None
lfs_mkdir#28,21.14,0,False,None
lfs_mkdir#28,21.14,1,False,None
lfs_mkdir#28,21.14,2,True,success
lfs_mkdir#28,21.17,0,False,None
lfs_mkdir#28,21.17,1,False,None
lfs_mkdir#28,21.17,2,False,None
lfs_mkdir#28,21.17,3,False,None
lfs_mkdir#28,21.17,4,False,None
lfs_mkdir#28,21.17,5,False,None
lfs_mount#27,2.1,0,True,empty_test_log
lfs_mount#27,2.1,1,True,success
lfs_mount#27,2.2,0,False,None
lfs_mount#27,2.2,1,True,success
lfs_mount#27,2.2,2,True,success
lfs_mount#27,8.13,0,True,success
lfs_mount#27,8.13,1,True,success
lfs_mount#27,8.13,2,False,None
lfs_mount#27,8.13,3,False,None
lfs_mount#27,8.13,4,False,None
lfs_mount#27,8.13,5,False,None
lfs_mount#27,8.13,6,False,None
lfs_mount#27,8.13,7,False,None
lfs_mount#27,8.13,8,True,success
lfs_mount#27,8.13,9,True,success
lfs_mount#27,8.13,10,False,None
lfs_mount#27,8.13,11,False,None
lfs_mount#27,21.14,0,False,None
lfs_mount#27,21.17,0,True,success
lfs_mount#27,21.17,1,False,None
lfs_mount#27,21.17,2,False,None
lfs_mount#27,21.17,3,False,None
lfs_mount#27,21.17,4,True,success
lfs_mount#27,21.17,5,False,None
lfs_mount#27,21.17,6,False,None
lfs_mount#27,21.17,7,False,None
lfs_mount#27,21.17,8,False,None
lfs_mount#27,21.17,9,False,None
lfs_mount#27,21.17,10,True,compile_failed
lfs_mount#27,21.17,11,False,None
lfs_remove#15,2.1,0,True,empty_test_log
lfs_remove#15,2.2,0,True,empty_test_log
lfs_remove#15,2.2,1,False,None
lfs_remove#15,2.2,2,False,None
lfs_remove#15,2.2,3,True,compile_failed
lfs_remove#15,2.2,4,True,empty_test_log
lfs_remove#15,2.2,5,True,empty_test_log
lfs_remove#15,8.13,0,False,None
lfs_remove#15,8.13,1,False,None
lfs_remove#15,8.13,2,False,None
lfs_remove#15,8.13,3,True,empty_test_log
lfs_remove#15,8.13,4,False,None
lfs_remove#15,8.13,5,True,empty_test_log
lfs_remove#15,8.13,6,False,None
lfs_remove#15,8.13,7,False,None
lfs_remove#15,8.13,8,False,None
lfs_remove#15,8.13,9,False,None
lfs_remove#15,8.13,10,False,None
lfs_remove#15,8.13,11,False,None
lfs_remove#15,8.13,12,False,None
lfs_remove#15,17.8,0,True,empty_test_log
lfs_remove#15,17.8,1,True,empty_test_log
lfs_remove#15,17.8,2,False,None
lfs_remove#15,21.14,0,False,None
lfs_remove#15,21.14,1,False,None
lfs_remove#15,21.14,2,False,None
lfs_remove#15,21.17,0,False,None
lfs_remove#15,21.17,1,True,empty_test_log
lfs_remove#15,21.17,2,False,None
lfs_remove#15,21.17,3,False,None
lfs_remove#15,21.17,4,False,None
lfs_remove#15,21.17,5,False,None
lfs_remove#15,21.17,6,False,None
lfs_remove#15,21.17,7,False,None
lfs_removeattr#30,2.1,0,True,empty_test_log
lfs_removeattr#30,2.1,1,True,empty_test_log
lfs_removeattr#30,2.2,0,True,empty_test_log
lfs_removeattr#30,2.2,1,False,None
lfs_removeattr#30,8.13,0,False,None
lfs_removeattr#30,8.13,1,False,None
lfs_removeattr#30,8.13,2,True,empty_test_log
lfs_removeattr#30,8.13,3,False,None
lfs_rename#14,2.1,0,True,empty_test_log
lfs_rename#14,2.2,0,False,None
lfs_rename#14,2.2,1,True,empty_test_log
lfs_rename#14,2.2,2,True,compile_failed
lfs_rename#14,2.2,3,True,empty_test_log
lfs_rename#14,2.2,4,False,None
lfs_rename#14,2.2,5,False,None
lfs_rename#14,2.2,6,False,None
lfs_rename#14,2.2,7,True,empty_test_log
lfs_rename#14,8.13,0,False,None
lfs_rename#14,8.13,1,False,None
lfs_rename#14,8.13,2,False,None
lfs_rename#14,8.13,3,False,None
lfs_rename#14,8.13,4,False,None
lfs_rename#14,8.13,5,False,None
lfs_rename#14,8.13,6,False,None
lfs_rename#14,8.13,7,False,None
lfs_rename#14,8.13,8,False,None
lfs_rename#14,21.14,0,False,None
lfs_rename#14,21.14,1,False,None
lfs_rename#14,21.14,2,False,None
lfs_rename#14,21.17,0,False,None
lfs_rename#14,21.17,1,False,None
lfs_rename#14,21.17,2,False,None
lfs_rename#14,21.17,3,False,None
lfs_rename#14,21.17,4,False,None
lfs_rename#14,21.17,5,False,None
lfs_rename#14,21.17,6,False,None
lfs_setattr#21,2.1,0,True,parse_failed
lfs_setattr#21,2.2,0,False,None
lfs_setattr#21,2.2,1,True,empty_test_log
lfs_setattr#21,2.2,2,True,empty_test_log
lfs_setattr#21,2.2,3,True,empty_test_log
lfs_setattr#21,2.2,4,False,None
lfs_setattr#21,2.2,5,False,None
lfs_setattr#21,2.2,6,False,None
lfs_setattr#21,2.2,7,False,None
lfs_setattr#21,2.2,8,True,empty_test_log
lfs_setattr#21,8.13,0,False,None
lfs_setattr#21,8.13,1,False,None
lfs_setattr#21,8.13,2,False,None
lfs_setattr#21,8.13,3,False,None
lfs_setattr#21,8.13,4,False,None
lfs_setattr#21,14.2,0,False,None
lfs_setattr#21,14.2,1,False,None
lfs_setattr#21,14.2,2,False,None
lfs_setattr#21,14.2,3,False,None
lfs_setattr#21,14.2,4,False,None
lfs_setattr#21,14.2,5,False,None
lfs_setattr#21,14.2,6,False,None
lfs_setattr#21,14.2,7,False,None
lfs_setattr#21,14.2,8,False,None
lfs_setattr#21,21.17,0,False,None
lfs_setattr#21,21.17,1,True,empty_test_log
lfs_setattr#21,21.17,2,False,None
lfs_setattr#21,21.17,3,False,None
lfs_setattr#21,21.17,4,False,None
lfs_setattr#21,21.17,5,True,empty_test_log
lfs_setattr#21,21.17,6,False,None
lfs_stat#12,2.1,0,True,empty_test_log
lfs_stat#12,2.2,0,False,None
lfs_stat#12,2.2,1,True,empty_test_log
lfs_stat#12,2.2,2,True,empty_test_log
lfs_stat#12,2.2,3,True,empty_test_log
lfs_stat#12,2.2,4,False,None
lfs_stat#12,2.2,5,False,None
lfs_stat#12,2.2,6,False,None
lfs_stat#12,2.2,7,True,empty_test_log
lfs_stat#12,8.13,0,False,None
lfs_stat#12,8.13,1,True,compile_failed
lfs_stat#12,8.13,2,False,None
lfs_stat#12,8.13,3,False,None
lfs_stat#12,8.13,4,False,None
lfs_stat#12,8.13,5,False,None
lfs_stat#12,8.13,6,False,None
lfs_stat#12,8.13,7,False,None
lfs_stat#12,8.13,8,False,None
lfs_stat#12,8.13,9,True,empty_test_log
lfs_stat#12,21.14,0,False,None
lfs_stat#12,21.14,1,False,None
lfs_stat#12,21.14,2,False,None
lfs_stat#12,21.14,3,False,None
lfs_stat#12,21.17,0,False,None
lfs_stat#12,21.17,1,True,empty_test_log
lfs_stat#12,21.17,2,True,empty_test_log
lfs_stat#12,21.17,3,False,None
lfs_stat#12,21.17,4,False,None
lfs_stat#12,21.17,5,False,None
lfs_stat#12,21.17,6,False,None
lfs_stat#12,21.17,7,False,None
lfs_stat#12,21.17,8,True,empty_test_log
lfs_stat#12,21.17,9,False,None
lfs_unmount#20,2.1,0,True,success
lfs_unmount#20,2.2,0,False,None
lfs_unmount#20,2.2,1,True,empty_test_log
lfs_unmount#20,2.2,2,False,None
lfs_unmount#20,8.13,0,False,None
lfs_unmount#20,8.13,1,False,None
lfs_unmount#20,8.13,2,False,None
lfs_unmount#20,8.13,3,True,success
lfs_unmount#20,8.13,4,False,None
lfs_unmount#20,8.13,5,False,None
lfs_unmount#20,8.13,6,False,None
lfs_unmount#20,8.13,7,False,None
lfs_unmount#20,8.13,8,False,None
lfs_unmount#20,8.13,9,False,None
lfs_unmount#20,8.13,10,False,None
lfs_unmount#20,8.13,11,False,None
